timestamp_utc,plan,repeat_index,repeat_count,case,tool,verb,kind,server,client,direction,dev,gid_index,port,status,duration_s,size_bytes,qps,iters,tx_depth,rx_depth,connection,bidirectional,bw_peak_gbps,bw_avg_gbps,msg_rate_mpps,lat_min_us,lat_max_us,lat_typical_us,lat_avg_us,lat_stdev_us,lat_p99_us,lat_p999_us,server_ready_rails,client_ready_rails,server_rail_speeds,client_rail_speeds,server_error_delta,client_error_delta,server_zcopy_delta,server_copy_delta,client_zcopy_delta,client_copy_delta,server_path_send_error_delta,client_path_send_error_delta,error,server_delta_verbs_qps,server_delta_verbs_mrs,server_delta_verbs_recv_wqes,server_delta_data_wr_send,server_delta_data_wr_op_send,server_delta_data_wr_op_write,server_delta_data_wr_copied,server_delta_data_wr_zcopy,server_delta_data_wr_zcopy_fallback,server_delta_data_wr_zcopy_fallback_striping,server_delta_data_wr_zcopy_fallback_unsafe_sge,server_delta_data_wr_copy_error,server_delta_data_wr_no_recv_credit,server_delta_data_wr_path_send,server_delta_data_wr_path_send_error,server_delta_data_wr_timeout,server_delta_data_tx_accepted,server_delta_data_tx_posted,server_delta_data_tx_completed,server_delta_data_tx_canceled,server_delta_data_tx_errors,server_delta_data_tx_credit_stalls,server_delta_data_tx_credit_received,server_delta_data_rx_completed,server_delta_data_rx_credit_sent,server_delta_data_rx_credit_send_error,server_delta_data_rx_repost_failed,server_delta_data_rx_bad_frame,server_delta_data_rx_bad_header,server_delta_data_rx_send,server_delta_data_rx_op_send,server_delta_data_rx_op_write,server_delta_data_rx_ack,server_delta_data_tx_read_ack_ok,server_delta_data_tx_read_ack_retry,server_delta_data_tx_read_ack_error,server_delta_data_rx_read_ack_ok,server_delta_data_rx_read_ack_retry,server_delta_data_rx_read_ack_error,server_delta_data_read_resp_retransmit,server_delta_data_read_resp_drop,server_delta_data_rx_read_resp_duplicate,server_delta_data_rx_read_resp_gap,server_delta_data_rx_read_resp_remote_error,server_delta_data_rx_read_resp_bad_header,server_delta_data_rx_read_resp_copy_error,server_delta_data_rx_read_resp_short,server_delta_data_rx_read_req_no_access,server_delta_data_rx_read_req_no_mr,server_delta_data_rx_read_req_mr_access,server_delta_data_rx_read_req_too_large,server_delta_data_rx_read_req_bad_iova,server_delta_data_rx_read_req_alloc_error,server_delta_data_rx_read_req_resp_busy,server_delta_data_rx_read_req_resp_error,server_delta_data_rx_no_qp,server_delta_data_rx_bad_peer,server_delta_data_rx_unconnected_qp,server_delta_data_rx_qp_error,server_delta_data_rx_no_recv,server_delta_data_rx_copy_error,server_delta_data_rx_active_timeout,server_delta_data_rx_reorder_buffered,server_delta_data_rx_reorder_delivered,server_delta_data_rx_reorder_dropped,server_delta_data_rx_reorder_timeout,server_delta_data_rx_reorder_window,server_delta_data_rx_pending_discarded,server_delta_data_cq_overflow,server_delta_rail_data_tx_enqueued,server_delta_rail_data_tx_posted,server_delta_rail_data_tx_completed,server_delta_rail_data_tx_credit_stalls,server_delta_rail_data_tx_credit_received,server_delta_rail_data_rx_completed,server_delta_rail_data_rx_credit_sent,server_delta_rail_data_rx_credit_send_error,server_delta_rail_data_rx_repost_failed,server_delta_rail_rx_credit_pending,client_delta_verbs_qps,client_delta_verbs_mrs,client_delta_verbs_recv_wqes,client_delta_data_wr_send,client_delta_data_wr_op_send,client_delta_data_wr_op_write,client_delta_data_wr_copied,client_delta_data_wr_zcopy,client_delta_data_wr_zcopy_fallback,client_delta_data_wr_zcopy_fallback_striping,client_delta_data_wr_zcopy_fallback_unsafe_sge,client_delta_data_wr_copy_error,client_delta_data_wr_no_recv_credit,client_delta_data_wr_path_send,client_delta_data_wr_path_send_error,client_delta_data_wr_timeout,client_delta_data_tx_accepted,client_delta_data_tx_posted,client_delta_data_tx_completed,client_delta_data_tx_canceled,client_delta_data_tx_errors,client_delta_data_tx_credit_stalls,client_delta_data_tx_credit_received,client_delta_data_rx_completed,client_delta_data_rx_credit_sent,client_delta_data_rx_credit_send_error,client_delta_data_rx_repost_failed,client_delta_data_rx_bad_frame,client_delta_data_rx_bad_header,client_delta_data_rx_send,client_delta_data_rx_op_send,client_delta_data_rx_op_write,client_delta_data_rx_ack,client_delta_data_tx_read_ack_ok,client_delta_data_tx_read_ack_retry,client_delta_data_tx_read_ack_error,client_delta_data_rx_read_ack_ok,client_delta_data_rx_read_ack_retry,client_delta_data_rx_read_ack_error,client_delta_data_read_resp_retransmit,client_delta_data_read_resp_drop,client_delta_data_rx_read_resp_duplicate,client_delta_data_rx_read_resp_gap,client_delta_data_rx_read_resp_remote_error,client_delta_data_rx_read_resp_bad_header,client_delta_data_rx_read_resp_copy_error,client_delta_data_rx_read_resp_short,client_delta_data_rx_read_req_no_access,client_delta_data_rx_read_req_no_mr,client_delta_data_rx_read_req_mr_access,client_delta_data_rx_read_req_too_large,client_delta_data_rx_read_req_bad_iova,client_delta_data_rx_read_req_alloc_error,client_delta_data_rx_read_req_resp_busy,client_delta_data_rx_read_req_resp_error,client_delta_data_rx_no_qp,client_delta_data_rx_bad_peer,client_delta_data_rx_unconnected_qp,client_delta_data_rx_qp_error,client_delta_data_rx_no_recv,client_delta_data_rx_copy_error,client_delta_data_rx_active_timeout,client_delta_data_rx_reorder_buffered,client_delta_data_rx_reorder_delivered,client_delta_data_rx_reorder_dropped,client_delta_data_rx_reorder_timeout,client_delta_data_rx_reorder_window,client_delta_data_rx_pending_discarded,client_delta_data_cq_overflow,client_delta_rail_data_tx_enqueued,client_delta_rail_data_tx_posted,client_delta_rail_data_tx_completed,client_delta_rail_data_tx_credit_stalls,client_delta_rail_data_tx_credit_received,client_delta_rail_data_rx_completed,client_delta_rail_data_rx_credit_sent,client_delta_rail_data_rx_credit_send_error,client_delta_rail_data_rx_repost_failed,client_delta_rail_rx_credit_pending
2026-05-27T15:04:55+00:00,rxe-tbnet,1,1,default.ib_write_bw.size1024.qps1,ib_write_bw,write,bw,strix-1,strix-2,forward,rxe_tb0,1,19601,ok,2.069,1024,1,1000,128,,RC,0,3.41,2.38,0.290565,,,,,,,,0,0,,,0,0,0,0,0,0,0,0,,0,0,0,0,0,0,0,0,0,0,0,0,0,0,0,0,0,0,0,0,0,0,0,0,0,0,0,0,0,0,0,0,0,0,0,0,0,0,0,0,0,0,0,0,0,0,0,0,0,0,0,0,0,0,0,0,0,0,0,0,0,0,0,0,0,0,0,0,0,0,0,0,0,0,0,0,0,0,0,0,0,0,0,0,0,0,0,0,0,0,0,0,0,0,0,0,0,0,0,0,0,0,0,0,0,0,0,0,0,0,0,0,0,0,0,0,0,0,0,0,0,0,0,0,0,0,0,0,0,0,0,0,0,0,0,0,0,0,0,0,0,0,0,0,0,0,0,0,0,0,0,0,0,0,0,0,0,0
2026-05-27T15:04:57+00:00,rxe-tbnet,1,1,default.ib_write_bw.size1024.qps1,ib_write_bw,write,bw,strix-2,strix-1,reverse,rxe_tb0,1,19602,ok,2.070,1024,1,1000,128,,RC,0,2.63,2.24,0.273966,,,,,,,,0,0,,,0,0,0,0,0,0,0,0,,0,0,0,0,0,0,0,0,0,0,0,0,0,0,0,0,0,0,0,0,0,0,0,0,0,0,0,0,0,0,0,0,0,0,0,0,0,0,0,0,0,0,0,0,0,0,0,0,0,0,0,0,0,0,0,0,0,0,0,0,0,0,0,0,0,0,0,0,0,0,0,0,0,0,0,0,0,0,0,0,0,0,0,0,0,0,0,0,0,0,0,0,0,0,0,0,0,0,0,0,0,0,0,0,0,0,0,0,0,0,0,0,0,0,0,0,0,0,0,0,0,0,0,0,0,0,0,0,0,0,0,0,0,0,0,0,0,0,0,0,0,0,0,0,0,0,0,0,0,0,0,0,0,0,0,0,0,0
2026-05-27T15:04:59+00:00,rxe-tbnet,1,1,default.ib_write_bw.size4096.qps1,ib_write_bw,write,bw,strix-1,strix-2,forward,rxe_tb0,1,19603,ok,2.145,4096,1,1000,128,,RC,0,6.24,0.41,0.012522,,,,,,,,0,0,,,0,0,0,0,0,0,0,0,,0,0,0,0,0,0,0,0,0,0,0,0,0,0,0,0,0,0,0,0,0,0,0,0,0,0,0,0,0,0,0,0,0,0,0,0,0,0,0,0,0,0,0,0,0,0,0,0,0,0,0,0,0,0,0,0,0,0,0,0,0,0,0,0,0,0,0,0,0,0,0,0,0,0,0,0,0,0,0,0,0,0,0,0,0,0,0,0,0,0,0,0,0,0,0,0,0,0,0,0,0,0,0,0,0,0,0,0,0,0,0,0,0,0,0,0,0,0,0,0,0,0,0,0,0,0,0,0,0,0,0,0,0,0,0,0,0,0,0,0,0,0,0,0,0,0,0,0,0,0,0,0,0,0,0,0,0,0
2026-05-27T15:05:02+00:00,rxe-tbnet,1,1,default.ib_write_bw.size4096.qps1,ib_write_bw,write,bw,strix-2,strix-1,reverse,rxe_tb0,1,19604,ok,2.071,4096,1,1000,128,,RC,0,5.94,5.67,0.173087,,,,,,,,0,0,,,0,0,0,0,0,0,0,0,,0,0,0,0,0,0,0,0,0,0,0,0,0,0,0,0,0,0,0,0,0,0,0,0,0,0,0,0,0,0,0,0,0,0,0,0,0,0,0,0,0,0,0,0,0,0,0,0,0,0,0,0,0,0,0,0,0,0,0,0,0,0,0,0,0,0,0,0,0,0,0,0,0,0,0,0,0,0,0,0,0,0,0,0,0,0,0,0,0,0,0,0,0,0,0,0,0,0,0,0,0,0,0,0,0,0,0,0,0,0,0,0,0,0,0,0,0,0,0,0,0,0,0,0,0,0,0,0,0,0,0,0,0,0,0,0,0,0,0,0,0,0,0,0,0,0,0,0,0,0,0,0,0,0,0,0,0,0
2026-05-27T15:05:04+00:00,rxe-tbnet,1,1,default.ib_write_bw.size65536.qps1,ib_write_bw,write,bw,strix-1,strix-2,forward,rxe_tb0,1,19605,ok,2.138,65536,1,1000,128,,RC,0,7.28,7.28,0.013886,,,,,,,,0,0,,,0,0,0,0,0,0,0,0,,0,0,0,0,0,0,0,0,0,0,0,0,0,0,0,0,0,0,0,0,0,0,0,0,0,0,0,0,0,0,0,0,0,0,0,0,0,0,0,0,0,0,0,0,0,0,0,0,0,0,0,0,0,0,0,0,0,0,0,0,0,0,0,0,0,0,0,0,0,0,0,0,0,0,0,0,0,0,0,0,0,0,0,0,0,0,0,0,0,0,0,0,0,0,0,0,0,0,0,0,0,0,0,0,0,0,0,0,0,0,0,0,0,0,0,0,0,0,0,0,0,0,0,0,0,0,0,0,0,0,0,0,0,0,0,0,0,0,0,0,0,0,0,0,0,0,0,0,0,0,0,0,0,0,0,0,0,0
2026-05-27T15:05:06+00:00,rxe-tbnet,1,1,default.ib_write_bw.size65536.qps1,ib_write_bw,write,bw,strix-2,strix-1,reverse,rxe_tb0,1,19606,ok,2.138,65536,1,1000,128,,RC,0,7.26,7.25,0.013835,,,,,,,,0,0,,,0,0,0,0,0,0,0,0,,0,0,0,0,0,0,0,0,0,0,0,0,0,0,0,0,0,0,0,0,0,0,0,0,0,0,0,0,0,0,0,0,0,0,0,0,0,0,0,0,0,0,0,0,0,0,0,0,0,0,0,0,0,0,0,0,0,0,0,0,0,0,0,0,0,0,0,0,0,0,0,0,0,0,0,0,0,0,0,0,0,0,0,0,0,0,0,0,0,0,0,0,0,0,0,0,0,0,0,0,0,0,0,0,0,0,0,0,0,0,0,0,0,0,0,0,0,0,0,0,0,0,0,0,0,0,0,0,0,0,0,0,0,0,0,0,0,0,0,0,0,0,0,0,0,0,0,0,0,0,0,0,0,0,0,0,0,0
2026-05-27T15:05:09+00:00,rxe-tbnet,1,1,default.ib_write_bw.size1024.qps2,ib_write_bw,write,bw,strix-1,strix-2,forward,rxe_tb0,1,19607,ok,2.070,1024,2,1000,128,,RC,0,4.14,3.51,0.427919,,,,,,,,0,0,,,0,0,0,0,0,0,0,0,,0,0,0,0,0,0,0,0,0,0,0,0,0,0,0,0,0,0,0,0,0,0,0,0,0,0,0,0,0,0,0,0,0,0,0,0,0,0,0,0,0,0,0,0,0,0,0,0,0,0,0,0,0,0,0,0,0,0,0,0,0,0,0,0,0,0,0,0,0,0,0,0,0,0,0,0,0,0,0,0,0,0,0,0,0,0,0,0,0,0,0,0,0,0,0,0,0,0,0,0,0,0,0,0,0,0,0,0,0,0,0,0,0,0,0,0,0,0,0,0,0,0,0,0,0,0,0,0,0,0,0,0,0,0,0,0,0,0,0,0,0,0,0,0,0,0,0,0,0,0,0,0,0,0,0,0,0,0
2026-05-27T15:05:11+00:00,rxe-tbnet,1,1,default.ib_write_bw.size1024.qps2,ib_write_bw,write,bw,strix-2,strix-1,reverse,rxe_tb0,1,19608,ok,2.071,1024,2,1000,128,,RC,0,5.04,4.61,0.562587,,,,,,,,0,0,,,0,0,0,0,0,0,0,0,,0,0,0,0,0,0,0,0,0,0,0,0,0,0,0,0,0,0,0,0,0,0,0,0,0,0,0,0,0,0,0,0,0,0,0,0,0,0,0,0,0,0,0,0,0,0,0,0,0,0,0,0,0,0,0,0,0,0,0,0,0,0,0,0,0,0,0,0,0,0,0,0,0,0,0,0,0,0,0,0,0,0,0,0,0,0,0,0,0,0,0,0,0,0,0,0,0,0,0,0,0,0,0,0,0,0,0,0,0,0,0,0,0,0,0,0,0,0,0,0,0,0,0,0,0,0,0,0,0,0,0,0,0,0,0,0,0,0,0,0,0,0,0,0,0,0,0,0,0,0,0,0,0,0,0,0,0,0
2026-05-27T15:05:13+00:00,rxe-tbnet,1,1,default.ib_write_bw.size4096.qps2,ib_write_bw,write,bw,strix-1,strix-2,forward,rxe_tb0,1,19609,ok,2.077,4096,2,1000,128,,RC,0,6.50,6.30,0.192140,,,,,,,,0,0,,,0,0,0,0,0,0,0,0,,0,0,0,0,0,0,0,0,0,0,0,0,0,0,0,0,0,0,0,0,0,0,0,0,0,0,0,0,0,0,0,0,0,0,0,0,0,0,0,0,0,0,0,0,0,0,0,0,0,0,0,0,0,0,0,0,0,0,0,0,0,0,0,0,0,0,0,0,0,0,0,0,0,0,0,0,0,0,0,0,0,0,0,0,0,0,0,0,0,0,0,0,0,0,0,0,0,0,0,0,0,0,0,0,0,0,0,0,0,0,0,0,0,0,0,0,0,0,0,0,0,0,0,0,0,0,0,0,0,0,0,0,0,0,0,0,0,0,0,0,0,0,0,0,0,0,0,0,0,0,0,0,0,0,0,0,0,0
2026-05-27T15:05:15+00:00,rxe-tbnet,1,1,default.ib_write_bw.size4096.qps2,ib_write_bw,write,bw,strix-2,strix-1,reverse,rxe_tb0,1,19610,ok,2.077,4096,2,1000,128,,RC,0,6.66,6.65,0.203089,,,,,,,,0,0,,,0,0,0,0,0,0,0,0,,0,0,0,0,0,0,0,0,0,0,0,0,0,0,0,0,0,0,0,0,0,0,0,0,0,0,0,0,0,0,0,0,0,0,0,0,0,0,0,0,0,0,0,0,0,0,0,0,0,0,0,0,0,0,0,0,0,0,0,0,0,0,0,0,0,0,0,0,0,0,0,0,0,0,0,0,0,0,0,0,0,0,0,0,0,0,0,0,0,0,0,0,0,0,0,0,0,0,0,0,0,0,0,0,0,0,0,0,0,0,0,0,0,0,0,0,0,0,0,0,0,0,0,0,0,0,0,0,0,0,0,0,0,0,0,0,0,0,0,0,0,0,0,0,0,0,0,0,0,0,0,0,0,0,0,0,0,0
2026-05-27T15:05:18+00:00,rxe-tbnet,1,1,default.ib_write_bw.size65536.qps2,ib_write_bw,write,bw,strix-1,strix-2,forward,rxe_tb0,1,19611,ok,2.205,65536,2,1000,128,,RC,0,7.80,7.80,0.014873,,,,,,,,0,0,,,0,0,0,0,0,0,0,0,,0,0,0,0,0,0,0,0,0,0,0,0,0,0,0,0,0,0,0,0,0,0,0,0,0,0,0,0,0,0,0,0,0,0,0,0,0,0,0,0,0,0,0,0,0,0,0,0,0,0,0,0,0,0,0,0,0,0,0,0,0,0,0,0,0,0,0,0,0,0,0,0,0,0,0,0,0,0,0,0,0,0,0,0,0,0,0,0,0,0,0,0,0,0,0,0,0,0,0,0,0,0,0,0,0,0,0,0,0,0,0,0,0,0,0,0,0,0,0,0,0,0,0,0,0,0,0,0,0,0,0,0,0,0,0,0,0,0,0,0,0,0,0,0,0,0,0,0,0,0,0,0,0,0,0,0,0,0
2026-05-27T15:05:20+00:00,rxe-tbnet,1,1,default.ib_write_bw.size65536.qps2,ib_write_bw,write,bw,strix-2,strix-1,reverse,rxe_tb0,1,19612,ok,2.203,65536,2,1000,128,,RC,0,7.81,7.81,0.014902,,,,,,,,0,0,,,0,0,0,0,0,0,0,0,,0,0,0,0,0,0,0,0,0,0,0,0,0,0,0,0,0,0,0,0,0,0,0,0,0,0,0,0,0,0,0,0,0,0,0,0,0,0,0,0,0,0,0,0,0,0,0,0,0,0,0,0,0,0,0,0,0,0,0,0,0,0,0,0,0,0,0,0,0,0,0,0,0,0,0,0,0,0,0,0,0,0,0,0,0,0,0,0,0,0,0,0,0,0,0,0,0,0,0,0,0,0,0,0,0,0,0,0,0,0,0,0,0,0,0,0,0,0,0,0,0,0,0,0,0,0,0,0,0,0,0,0,0,0,0,0,0,0,0,0,0,0,0,0,0,0,0,0,0,0,0,0,0,0,0,0,0,0
2026-05-27T15:05:23+00:00,rxe-tbnet,1,1,default.ib_write_bw.size1024.qps4,ib_write_bw,write,bw,strix-1,strix-2,forward,rxe_tb0,1,19613,ok,2.076,1024,4,1000,128,,RC,0,5.64,5.30,0.646890,,,,,,,,0,0,,,0,0,0,0,0,0,0,0,,0,0,0,0,0,0,0,0,0,0,0,0,0,0,0,0,0,0,0,0,0,0,0,0,0,0,0,0,0,0,0,0,0,0,0,0,0,0,0,0,0,0,0,0,0,0,0,0,0,0,0,0,0,0,0,0,0,0,0,0,0,0,0,0,0,0,0,0,0,0,0,0,0,0,0,0,0,0,0,0,0,0,0,0,0,0,0,0,0,0,0,0,0,0,0,0,0,0,0,0,0,0,0,0,0,0,0,0,0,0,0,0,0,0,0,0,0,0,0,0,0,0,0,0,0,0,0,0,0,0,0,0,0,0,0,0,0,0,0,0,0,0,0,0,0,0,0,0,0,0,0,0,0,0,0,0,0,0
2026-05-27T15:05:25+00:00,rxe-tbnet,1,1,default.ib_write_bw.size1024.qps4,ib_write_bw,write,bw,strix-2,strix-1,reverse,rxe_tb0,1,19614,ok,2.075,1024,4,1000,128,,RC,0,5.76,5.41,0.660282,,,,,,,,0,0,,,0,0,0,0,0,0,0,0,,0,0,0,0,0,0,0,0,0,0,0,0,0,0,0,0,0,0,0,0,0,0,0,0,0,0,0,0,0,0,0,0,0,0,0,0,0,0,0,0,0,0,0,0,0,0,0,0,0,0,0,0,0,0,0,0,0,0,0,0,0,0,0,0,0,0,0,0,0,0,0,0,0,0,0,0,0,0,0,0,0,0,0,0,0,0,0,0,0,0,0,0,0,0,0,0,0,0,0,0,0,0,0,0,0,0,0,0,0,0,0,0,0,0,0,0,0,0,0,0,0,0,0,0,0,0,0,0,0,0,0,0,0,0,0,0,0,0,0,0,0,0,0,0,0,0,0,0,0,0,0,0,0,0,0,0,0,0
2026-05-27T15:05:27+00:00,rxe-tbnet,1,1,default.ib_write_bw.size4096.qps4,ib_write_bw,write,bw,strix-1,strix-2,forward,rxe_tb0,1,19615,ok,2.085,4096,4,1000,128,,RC,0,6.89,6.89,0.210135,,,,,,,,0,0,,,0,0,0,0,0,0,0,0,,0,0,0,0,0,0,0,0,0,0,0,0,0,0,0,0,0,0,0,0,0,0,0,0,0,0,0,0,0,0,0,0,0,0,0,0,0,0,0,0,0,0,0,0,0,0,0,0,0,0,0,0,0,0,0,0,0,0,0,0,0,0,0,0,0,0,0,0,0,0,0,0,0,0,0,0,0,0,0,0,0,0,0,0,0,0,0,0,0,0,0,0,0,0,0,0,0,0,0,0,0,0,0,0,0,0,0,0,0,0,0,0,0,0,0,0,0,0,0,0,0,0,0,0,0,0,0,0,0,0,0,0,0,0,0,0,0,0,0,0,0,0,0,0,0,0,0,0,0,0,0,0,0,0,0,0,0,0
2026-05-27T15:05:29+00:00,rxe-tbnet,1,1,default.ib_write_bw.size4096.qps4,ib_write_bw,write,bw,strix-2,strix-1,reverse,rxe_tb0,1,19616,ok,2.086,4096,4,1000,128,,RC,0,6.83,6.83,0.208421,,,,,,,,0,0,,,0,0,0,0,0,0,0,0,,0,0,0,0,0,0,0,0,0,0,0,0,0,0,0,0,0,0,0,0,0,0,0,0,0,0,0,0,0,0,0,0,0,0,0,0,0,0,0,0,0,0,0,0,0,0,0,0,0,0,0,0,0,0,0,0,0,0,0,0,0,0,0,0,0,0,0,0,0,0,0,0,0,0,0,0,0,0,0,0,0,0,0,0,0,0,0,0,0,0,0,0,0,0,0,0,0,0,0,0,0,0,0,0,0,0,0,0,0,0,0,0,0,0,0,0,0,0,0,0,0,0,0,0,0,0,0,0,0,0,0,0,0,0,0,0,0,0,0,0,0,0,0,0,0,0,0,0,0,0,0,0,0,0,0,0,0,0
2026-05-27T15:05:32+00:00,rxe-tbnet,1,1,default.ib_write_bw.size65536.qps4,ib_write_bw,write,bw,strix-1,strix-2,forward,rxe_tb0,1,19617,ok,2.343,65536,4,1000,128,,RC,0,7.96,7.96,0.015177,,,,,,,,0,0,,,0,0,0,0,0,0,0,0,,0,0,0,0,0,0,0,0,0,0,0,0,0,0,0,0,0,0,0,0,0,0,0,0,0,0,0,0,0,0,0,0,0,0,0,0,0,0,0,0,0,0,0,0,0,0,0,0,0,0,0,0,0,0,0,0,0,0,0,0,0,0,0,0,0,0,0,0,0,0,0,0,0,0,0,0,0,0,0,0,0,0,0,0,0,0,0,0,0,0,0,0,0,0,0,0,0,0,0,0,0,0,0,0,0,0,0,0,0,0,0,0,0,0,0,0,0,0,0,0,0,0,0,0,0,0,0,0,0,0,0,0,0,0,0,0,0,0,0,0,0,0,0,0,0,0,0,0,0,0,0,0,0,0,0,0,0,0
2026-05-27T15:05:34+00:00,rxe-tbnet,1,1,default.ib_write_bw.size65536.qps4,ib_write_bw,write,bw,strix-2,strix-1,reverse,rxe_tb0,1,19618,ok,2.408,65536,4,1000,128,,RC,0,8.21,6.39,0.012195,,,,,,,,0,0,,,0,0,0,0,0,0,0,0,,0,0,0,0,0,0,0,0,0,0,0,0,0,0,0,0,0,0,0,0,0,0,0,0,0,0,0,0,0,0,0,0,0,0,0,0,0,0,0,0,0,0,0,0,0,0,0,0,0,0,0,0,0,0,0,0,0,0,0,0,0,0,0,0,0,0,0,0,0,0,0,0,0,0,0,0,0,0,0,0,0,0,0,0,0,0,0,0,0,0,0,0,0,0,0,0,0,0,0,0,0,0,0,0,0,0,0,0,0,0,0,0,0,0,0,0,0,0,0,0,0,0,0,0,0,0,0,0,0,0,0,0,0,0,0,0,0,0,0,0,0,0,0,0,0,0,0,0,0,0,0,0,0,0,0,0,0,0
2026-05-27T15:05:37+00:00,rxe-tbnet,1,1,default.ib_read_bw.size1024.qps1,ib_read_bw,read,bw,strix-1,strix-2,forward,rxe_tb0,1,19619,ok,1.070,1024,1,1000,128,,RC,0,2.39,2.24,0.272868,,,,,,,,0,0,,,0,0,0,0,0,0,0,0,,0,0,0,0,0,0,0,0,0,0,0,0,0,0,0,0,0,0,0,0,0,0,0,0,0,0,0,0,0,0,0,0,0,0,0,0,0,0,0,0,0,0,0,0,0,0,0,0,0,0,0,0,0,0,0,0,0,0,0,0,0,0,0,0,0,0,0,0,0,0,0,0,0,0,0,0,0,0,0,0,0,0,0,0,0,0,0,0,0,0,0,0,0,0,0,0,0,0,0,0,0,0,0,0,0,0,0,0,0,0,0,0,0,0,0,0,0,0,0,0,0,0,0,0,0,0,0,0,0,0,0,0,0,0,0,0,0,0,0,0,0,0,0,0,0,0,0,0,0,0,0,0,0,0,0,0,0,0
2026-05-27T15:05:38+00:00,rxe-tbnet,1,1,default.ib_read_bw.size1024.qps1,ib_read_bw,read,bw,strix-2,strix-1,reverse,rxe_tb0,1,19620,ok,1.068,1024,1,1000,128,,RC,0,2.20,2.09,0.254753,,,,,,,,0,0,,,0,0,0,0,0,0,0,0,,0,0,0,0,0,0,0,0,0,0,0,0,0,0,0,0,0,0,0,0,0,0,0,0,0,0,0,0,0,0,0,0,0,0,0,0,0,0,0,0,0,0,0,0,0,0,0,0,0,0,0,0,0,0,0,0,0,0,0,0,0,0,0,0,0,0,0,0,0,0,0,0,0,0,0,0,0,0,0,0,0,0,0,0,0,0,0,0,0,0,0,0,0,0,0,0,0,0,0,0,0,0,0,0,0,0,0,0,0,0,0,0,0,0,0,0,0,0,0,0,0,0,0,0,0,0,0,0,0,0,0,0,0,0,0,0,0,0,0,0,0,0,0,0,0,0,0,0,0,0,0,0,0,0,0,0,0,0
2026-05-27T15:05:39+00:00,rxe-tbnet,1,1,default.ib_read_bw.size4096.qps1,ib_read_bw,read,bw,strix-1,strix-2,forward,rxe_tb0,1,19621,ok,1.070,4096,1,1000,128,,RC,0,6.00,5.19,0.158471,,,,,,,,0,0,,,0,0,0,0,0,0,0,0,,0,0,0,0,0,0,0,0,0,0,0,0,0,0,0,0,0,0,0,0,0,0,0,0,0,0,0,0,0,0,0,0,0,0,0,0,0,0,0,0,0,0,0,0,0,0,0,0,0,0,0,0,0,0,0,0,0,0,0,0,0,0,0,0,0,0,0,0,0,0,0,0,0,0,0,0,0,0,0,0,0,0,0,0,0,0,0,0,0,0,0,0,0,0,0,0,0,0,0,0,0,0,0,0,0,0,0,0,0,0,0,0,0,0,0,0,0,0,0,0,0,0,0,0,0,0,0,0,0,0,0,0,0,0,0,0,0,0,0,0,0,0,0,0,0,0,0,0,0,0,0,0,0,0,0,0,0,0
2026-05-27T15:05:41+00:00,rxe-tbnet,1,1,default.ib_read_bw.size4096.qps1,ib_read_bw,read,bw,strix-2,strix-1,reverse,rxe_tb0,1,19622,ok,1.070,4096,1,1000,128,,RC,0,6.28,5.42,0.165500,,,,,,,,0,0,,,0,0,0,0,0,0,0,0,,0,0,0,0,0,0,0,0,0,0,0,0,0,0,0,0,0,0,0,0,0,0,0,0,0,0,0,0,0,0,0,0,0,0,0,0,0,0,0,0,0,0,0,0,0,0,0,0,0,0,0,0,0,0,0,0,0,0,0,0,0,0,0,0,0,0,0,0,0,0,0,0,0,0,0,0,0,0,0,0,0,0,0,0,0,0,0,0,0,0,0,0,0,0,0,0,0,0,0,0,0,0,0,0,0,0,0,0,0,0,0,0,0,0,0,0,0,0,0,0,0,0,0,0,0,0,0,0,0,0,0,0,0,0,0,0,0,0,0,0,0,0,0,0,0,0,0,0,0,0,0,0,0,0,0,0,0,0
2026-05-27T15:05:42+00:00,rxe-tbnet,1,1,default.ib_read_bw.size65536.qps1,ib_read_bw,read,bw,strix-1,strix-2,forward,rxe_tb0,1,19623,ok,1.139,65536,1,1000,128,,RC,0,7.30,7.30,0.013917,,,,,,,,0,0,,,0,0,0,0,0,0,0,0,,0,0,0,0,0,0,0,0,0,0,0,0,0,0,0,0,0,0,0,0,0,0,0,0,0,0,0,0,0,0,0,0,0,0,0,0,0,0,0,0,0,0,0,0,0,0,0,0,0,0,0,0,0,0,0,0,0,0,0,0,0,0,0,0,0,0,0,0,0,0,0,0,0,0,0,0,0,0,0,0,0,0,0,0,0,0,0,0,0,0,0,0,0,0,0,0,0,0,0,0,0,0,0,0,0,0,0,0,0,0,0,0,0,0,0,0,0,0,0,0,0,0,0,0,0,0,0,0,0,0,0,0,0,0,0,0,0,0,0,0,0,0,0,0,0,0,0,0,0,0,0,0,0,0,0,0,0,0
2026-05-27T15:05:43+00:00,rxe-tbnet,1,1,default.ib_read_bw.size65536.qps1,ib_read_bw,read,bw,strix-2,strix-1,reverse,rxe_tb0,1,19624,ok,1.139,65536,1,1000,128,,RC,0,7.39,7.39,0.014097,,,,,,,,0,0,,,0,0,0,0,0,0,0,0,,0,0,0,0,0,0,0,0,0,0,0,0,0,0,0,0,0,0,0,0,0,0,0,0,0,0,0,0,0,0,0,0,0,0,0,0,0,0,0,0,0,0,0,0,0,0,0,0,0,0,0,0,0,0,0,0,0,0,0,0,0,0,0,0,0,0,0,0,0,0,0,0,0,0,0,0,0,0,0,0,0,0,0,0,0,0,0,0,0,0,0,0,0,0,0,0,0,0,0,0,0,0,0,0,0,0,0,0,0,0,0,0,0,0,0,0,0,0,0,0,0,0,0,0,0,0,0,0,0,0,0,0,0,0,0,0,0,0,0,0,0,0,0,0,0,0,0,0,0,0,0,0,0,0,0,0,0,0
2026-05-27T15:05:45+00:00,rxe-tbnet,1,1,default.ib_read_bw.size1024.qps2,ib_read_bw,read,bw,strix-1,strix-2,forward,rxe_tb0,1,19625,ok,1.071,1024,2,1000,128,,RC,0,4.26,4.08,0.497675,,,,,,,,0,0,,,0,0,0,0,0,0,0,0,,0,0,0,0,0,0,0,0,0,0,0,0,0,0,0,0,0,0,0,0,0,0,0,0,0,0,0,0,0,0,0,0,0,0,0,0,0,0,0,0,0,0,0,0,0,0,0,0,0,0,0,0,0,0,0,0,0,0,0,0,0,0,0,0,0,0,0,0,0,0,0,0,0,0,0,0,0,0,0,0,0,0,0,0,0,0,0,0,0,0,0,0,0,0,0,0,0,0,0,0,0,0,0,0,0,0,0,0,0,0,0,0,0,0,0,0,0,0,0,0,0,0,0,0,0,0,0,0,0,0,0,0,0,0,0,0,0,0,0,0,0,0,0,0,0,0,0,0,0,0,0,0,0,0,0,0,0,0
2026-05-27T15:05:46+00:00,rxe-tbnet,1,1,default.ib_read_bw.size1024.qps2,ib_read_bw,read,bw,strix-2,strix-1,reverse,rxe_tb0,1,19626,ok,1.070,1024,2,1000,128,,RC,0,4.22,3.94,0.481183,,,,,,,,0,0,,,0,0,0,0,0,0,0,0,,0,0,0,0,0,0,0,0,0,0,0,0,0,0,0,0,0,0,0,0,0,0,0,0,0,0,0,0,0,0,0,0,0,0,0,0,0,0,0,0,0,0,0,0,0,0,0,0,0,0,0,0,0,0,0,0,0,0,0,0,0,0,0,0,0,0,0,0,0,0,0,0,0,0,0,0,0,0,0,0,0,0,0,0,0,0,0,0,0,0,0,0,0,0,0,0,0,0,0,0,0,0,0,0,0,0,0,0,0,0,0,0,0,0,0,0,0,0,0,0,0,0,0,0,0,0,0,0,0,0,0,0,0,0,0,0,0,0,0,0,0,0,0,0,0,0,0,0,0,0,0,0,0,0,0,0,0,0
2026-05-27T15:05:47+00:00,rxe-tbnet,1,1,default.ib_read_bw.size4096.qps2,ib_read_bw,read,bw,strix-1,strix-2,forward,rxe_tb0,1,19627,ok,1.079,4096,2,1000,128,,RC,0,6.53,6.48,0.197807,,,,,,,,0,0,,,0,0,0,0,0,0,0,0,,0,0,0,0,0,0,0,0,0,0,0,0,0,0,0,0,0,0,0,0,0,0,0,0,0,0,0,0,0,0,0,0,0,0,0,0,0,0,0,0,0,0,0,0,0,0,0,0,0,0,0,0,0,0,0,0,0,0,0,0,0,0,0,0,0,0,0,0,0,0,0,0,0,0,0,0,0,0,0,0,0,0,0,0,0,0,0,0,0,0,0,0,0,0,0,0,0,0,0,0,0,0,0,0,0,0,0,0,0,0,0,0,0,0,0,0,0,0,0,0,0,0,0,0,0,0,0,0,0,0,0,0,0,0,0,0,0,0,0,0,0,0,0,0,0,0,0,0,0,0,0,0,0,0,0,0,0,0
2026-05-27T15:05:49+00:00,rxe-tbnet,1,1,default.ib_read_bw.size4096.qps2,ib_read_bw,read,bw,strix-2,strix-1,reverse,rxe_tb0,1,19628,ok,1.075,4096,2,1000,128,,RC,0,6.62,6.40,0.195343,,,,,,,,0,0,,,0,0,0,0,0,0,0,0,,0,0,0,0,0,0,0,0,0,0,0,0,0,0,0,0,0,0,0,0,0,0,0,0,0,0,0,0,0,0,0,0,0,0,0,0,0,0,0,0,0,0,0,0,0,0,0,0,0,0,0,0,0,0,0,0,0,0,0,0,0,0,0,0,0,0,0,0,0,0,0,0,0,0,0,0,0,0,0,0,0,0,0,0,0,0,0,0,0,0,0,0,0,0,0,0,0,0,0,0,0,0,0,0,0,0,0,0,0,0,0,0,0,0,0,0,0,0,0,0,0,0,0,0,0,0,0,0,0,0,0,0,0,0,0,0,0,0,0,0,0,0,0,0,0,0,0,0,0,0,0,0,0,0,0,0,0,0
2026-05-27T15:05:50+00:00,rxe-tbnet,1,1,default.ib_read_bw.size65536.qps2,ib_read_bw,read,bw,strix-1,strix-2,forward,rxe_tb0,1,19629,ok,1.274,65536,2,1000,128,,RC,0,7.87,5.15,0.009829,,,,,,,,0,0,,,0,0,0,0,0,0,0,0,,0,0,0,0,0,0,0,0,0,0,0,0,0,0,0,0,0,0,0,0,0,0,0,0,0,0,0,0,0,0,0,0,0,0,0,0,0,0,0,0,0,0,0,0,0,0,0,0,0,0,0,0,0,0,0,0,0,0,0,0,0,0,0,0,0,0,0,0,0,0,0,0,0,0,0,0,0,0,0,0,0,0,0,0,0,0,0,0,0,0,0,0,0,0,0,0,0,0,0,0,0,0,0,0,0,0,0,0,0,0,0,0,0,0,0,0,0,0,0,0,0,0,0,0,0,0,0,0,0,0,0,0,0,0,0,0,0,0,0,0,0,0,0,0,0,0,0,0,0,0,0,0,0,0,0,0,0,0
2026-05-27T15:05:51+00:00,rxe-tbnet,1,1,default.ib_read_bw.size65536.qps2,ib_read_bw,read,bw,strix-2,strix-1,reverse,rxe_tb0,1,19630,ok,1.204,65536,2,1000,128,,RC,0,7.70,7.69,0.014672,,,,,,,,0,0,,,0,0,0,0,0,0,0,0,,0,0,0,0,0,0,0,0,0,0,0,0,0,0,0,0,0,0,0,0,0,0,0,0,0,0,0,0,0,0,0,0,0,0,0,0,0,0,0,0,0,0,0,0,0,0,0,0,0,0,0,0,0,0,0,0,0,0,0,0,0,0,0,0,0,0,0,0,0,0,0,0,0,0,0,0,0,0,0,0,0,0,0,0,0,0,0,0,0,0,0,0,0,0,0,0,0,0,0,0,0,0,0,0,0,0,0,0,0,0,0,0,0,0,0,0,0,0,0,0,0,0,0,0,0,0,0,0,0,0,0,0,0,0,0,0,0,0,0,0,0,0,0,0,0,0,0,0,0,0,0,0,0,0,0,0,0,0
2026-05-27T15:05:53+00:00,rxe-tbnet,1,1,default.ib_read_bw.size1024.qps4,ib_read_bw,read,bw,strix-1,strix-2,forward,rxe_tb0,1,19631,ok,1.073,1024,4,1000,128,,RC,0,5.56,5.56,0.678448,,,,,,,,0,0,,,0,0,0,0,0,0,0,0,,0,0,0,0,0,0,0,0,0,0,0,0,0,0,0,0,0,0,0,0,0,0,0,0,0,0,0,0,0,0,0,0,0,0,0,0,0,0,0,0,0,0,0,0,0,0,0,0,0,0,0,0,0,0,0,0,0,0,0,0,0,0,0,0,0,0,0,0,0,0,0,0,0,0,0,0,0,0,0,0,0,0,0,0,0,0,0,0,0,0,0,0,0,0,0,0,0,0,0,0,0,0,0,0,0,0,0,0,0,0,0,0,0,0,0,0,0,0,0,0,0,0,0,0,0,0,0,0,0,0,0,0,0,0,0,0,0,0,0,0,0,0,0,0,0,0,0,0,0,0,0,0,0,0,0,0,0,0
2026-05-27T15:05:54+00:00,rxe-tbnet,1,1,default.ib_read_bw.size1024.qps4,ib_read_bw,read,bw,strix-2,strix-1,reverse,rxe_tb0,1,19632,ok,1.074,1024,4,1000,128,,RC,0,5.68,5.60,0.683801,,,,,,,,0,0,,,0,0,0,0,0,0,0,0,,0,0,0,0,0,0,0,0,0,0,0,0,0,0,0,0,0,0,0,0,0,0,0,0,0,0,0,0,0,0,0,0,0,0,0,0,0,0,0,0,0,0,0,0,0,0,0,0,0,0,0,0,0,0,0,0,0,0,0,0,0,0,0,0,0,0,0,0,0,0,0,0,0,0,0,0,0,0,0,0,0,0,0,0,0,0,0,0,0,0,0,0,0,0,0,0,0,0,0,0,0,0,0,0,0,0,0,0,0,0,0,0,0,0,0,0,0,0,0,0,0,0,0,0,0,0,0,0,0,0,0,0,0,0,0,0,0,0,0,0,0,0,0,0,0,0,0,0,0,0,0,0,0,0,0,0,0,0
2026-05-27T15:05:55+00:00,rxe-tbnet,1,1,default.ib_read_bw.size4096.qps4,ib_read_bw,read,bw,strix-1,strix-2,forward,rxe_tb0,1,19633,ok,1.086,4096,4,1000,128,,RC,0,6.81,6.81,0.207778,,,,,,,,0,0,,,0,0,0,0,0,0,0,0,,0,0,0,0,0,0,0,0,0,0,0,0,0,0,0,0,0,0,0,0,0,0,0,0,0,0,0,0,0,0,0,0,0,0,0,0,0,0,0,0,0,0,0,0,0,0,0,0,0,0,0,0,0,0,0,0,0,0,0,0,0,0,0,0,0,0,0,0,0,0,0,0,0,0,0,0,0,0,0,0,0,0,0,0,0,0,0,0,0,0,0,0,0,0,0,0,0,0,0,0,0,0,0,0,0,0,0,0,0,0,0,0,0,0,0,0,0,0,0,0,0,0,0,0,0,0,0,0,0,0,0,0,0,0,0,0,0,0,0,0,0,0,0,0,0,0,0,0,0,0,0,0,0,0,0,0,0,0
2026-05-27T15:05:57+00:00,rxe-tbnet,1,1,default.ib_read_bw.size4096.qps4,ib_read_bw,read,bw,strix-2,strix-1,reverse,rxe_tb0,1,19634,ok,1.088,4096,4,1000,128,,RC,0,6.79,6.72,0.205209,,,,,,,,0,0,,,0,0,0,0,0,0,0,0,,0,0,0,0,0,0,0,0,0,0,0,0,0,0,0,0,0,0,0,0,0,0,0,0,0,0,0,0,0,0,0,0,0,0,0,0,0,0,0,0,0,0,0,0,0,0,0,0,0,0,0,0,0,0,0,0,0,0,0,0,0,0,0,0,0,0,0,0,0,0,0,0,0,0,0,0,0,0,0,0,0,0,0,0,0,0,0,0,0,0,0,0,0,0,0,0,0,0,0,0,0,0,0,0,0,0,0,0,0,0,0,0,0,0,0,0,0,0,0,0,0,0,0,0,0,0,0,0,0,0,0,0,0,0,0,0,0,0,0,0,0,0,0,0,0,0,0,0,0,0,0,0,0,0,0,0,0,0
2026-05-27T15:05:58+00:00,rxe-tbnet,1,1,default.ib_read_bw.size65536.qps4,ib_read_bw,read,bw,strix-1,strix-2,forward,rxe_tb0,1,19635,ok,1.331,65536,4,1000,128,,RC,0,8.28,8.28,0.015797,,,,,,,,0,0,,,0,0,0,0,0,0,0,0,,0,0,0,0,0,0,0,0,0,0,0,0,0,0,0,0,0,0,0,0,0,0,0,0,0,0,0,0,0,0,0,0,0,0,0,0,0,0,0,0,0,0,0,0,0,0,0,0,0,0,0,0,0,0,0,0,0,0,0,0,0,0,0,0,0,0,0,0,0,0,0,0,0,0,0,0,0,0,0,0,0,0,0,0,0,0,0,0,0,0,0,0,0,0,0,0,0,0,0,0,0,0,0,0,0,0,0,0,0,0,0,0,0,0,0,0,0,0,0,0,0,0,0,0,0,0,0,0,0,0,0,0,0,0,0,0,0,0,0,0,0,0,0,0,0,0,0,0,0,0,0,0,0,0,0,0,0,0
2026-05-27T15:06:00+00:00,rxe-tbnet,1,1,default.ib_read_bw.size65536.qps4,ib_read_bw,read,bw,strix-2,strix-1,reverse,rxe_tb0,1,19636,ok,1.338,65536,4,1000,128,,RC,0,8.11,8.11,0.015464,,,,,,,,0,0,,,0,0,0,0,0,0,0,0,,0,0,0,0,0,0,0,0,0,0,0,0,0,0,0,0,0,0,0,0,0,0,0,0,0,0,0,0,0,0,0,0,0,0,0,0,0,0,0,0,0,0,0,0,0,0,0,0,0,0,0,0,0,0,0,0,0,0,0,0,0,0,0,0,0,0,0,0,0,0,0,0,0,0,0,0,0,0,0,0,0,0,0,0,0,0,0,0,0,0,0,0,0,0,0,0,0,0,0,0,0,0,0,0,0,0,0,0,0,0,0,0,0,0,0,0,0,0,0,0,0,0,0,0,0,0,0,0,0,0,0,0,0,0,0,0,0,0,0,0,0,0,0,0,0,0,0,0,0,0,0,0,0,0,0,0,0,0
2026-05-27T15:06:01+00:00,rxe-tbnet,1,1,default.ib_send_bw.size1024.qps1,ib_send_bw,send,bw,strix-1,strix-2,forward,rxe_tb0,1,19637,ok,1.069,1024,1,1000,128,512,RC,0,2.87,2.56,0.312514,,,,,,,,0,0,,,0,0,0,0,0,0,0,0,,0,0,0,0,0,0,0,0,0,0,0,0,0,0,0,0,0,0,0,0,0,0,0,0,0,0,0,0,0,0,0,0,0,0,0,0,0,0,0,0,0,0,0,0,0,0,0,0,0,0,0,0,0,0,0,0,0,0,0,0,0,0,0,0,0,0,0,0,0,0,0,0,0,0,0,0,0,0,0,0,0,0,0,0,0,0,0,0,0,0,0,0,0,0,0,0,0,0,0,0,0,0,0,0,0,0,0,0,0,0,0,0,0,0,0,0,0,0,0,0,0,0,0,0,0,0,0,0,0,0,0,0,0,0,0,0,0,0,0,0,0,0,0,0,0,0,0,0,0,0,0,0,0,0,0,0,0,0
2026-05-27T15:06:02+00:00,rxe-tbnet,1,1,default.ib_send_bw.size1024.qps1,ib_send_bw,send,bw,strix-2,strix-1,reverse,rxe_tb0,1,19638,ok,1.068,1024,1,1000,128,512,RC,0,2.21,2.06,0.251359,,,,,,,,0,0,,,0,0,0,0,0,0,0,0,,0,0,0,0,0,0,0,0,0,0,0,0,0,0,0,0,0,0,0,0,0,0,0,0,0,0,0,0,0,0,0,0,0,0,0,0,0,0,0,0,0,0,0,0,0,0,0,0,0,0,0,0,0,0,0,0,0,0,0,0,0,0,0,0,0,0,0,0,0,0,0,0,0,0,0,0,0,0,0,0,0,0,0,0,0,0,0,0,0,0,0,0,0,0,0,0,0,0,0,0,0,0,0,0,0,0,0,0,0,0,0,0,0,0,0,0,0,0,0,0,0,0,0,0,0,0,0,0,0,0,0,0,0,0,0,0,0,0,0,0,0,0,0,0,0,0,0,0,0,0,0,0,0,0,0,0,0,0
2026-05-27T15:06:04+00:00,rxe-tbnet,1,1,default.ib_send_bw.size4096.qps1,ib_send_bw,send,bw,strix-1,strix-2,forward,rxe_tb0,1,19639,ok,1.078,4096,1,1000,128,512,RC,0,6.27,2.23,0.068057,,,,,,,,0,0,,,0,0,0,0,0,0,0,0,,0,0,0,0,0,0,0,0,0,0,0,0,0,0,0,0,0,0,0,0,0,0,0,0,0,0,0,0,0,0,0,0,0,0,0,0,0,0,0,0,0,0,0,0,0,0,0,0,0,0,0,0,0,0,0,0,0,0,0,0,0,0,0,0,0,0,0,0,0,0,0,0,0,0,0,0,0,0,0,0,0,0,0,0,0,0,0,0,0,0,0,0,0,0,0,0,0,0,0,0,0,0,0,0,0,0,0,0,0,0,0,0,0,0,0,0,0,0,0,0,0,0,0,0,0,0,0,0,0,0,0,0,0,0,0,0,0,0,0,0,0,0,0,0,0,0,0,0,0,0,0,0,0,0,0,0,0,0
2026-05-27T15:06:05+00:00,rxe-tbnet,1,1,default.ib_send_bw.size4096.qps1,ib_send_bw,send,bw,strix-2,strix-1,reverse,rxe_tb0,1,19640,ok,1.072,4096,1,1000,128,512,RC,0,6.21,5.49,0.167489,,,,,,,,0,0,,,0,0,0,0,0,0,0,0,,0,0,0,0,0,0,0,0,0,0,0,0,0,0,0,0,0,0,0,0,0,0,0,0,0,0,0,0,0,0,0,0,0,0,0,0,0,0,0,0,0,0,0,0,0,0,0,0,0,0,0,0,0,0,0,0,0,0,0,0,0,0,0,0,0,0,0,0,0,0,0,0,0,0,0,0,0,0,0,0,0,0,0,0,0,0,0,0,0,0,0,0,0,0,0,0,0,0,0,0,0,0,0,0,0,0,0,0,0,0,0,0,0,0,0,0,0,0,0,0,0,0,0,0,0,0,0,0,0,0,0,0,0,0,0,0,0,0,0,0,0,0,0,0,0,0,0,0,0,0,0,0,0,0,0,0,0,0
2026-05-27T15:06:06+00:00,rxe-tbnet,1,1,default.ib_send_bw.size65536.qps1,ib_send_bw,send,bw,strix-1,strix-2,forward,rxe_tb0,1,19641,ok,1.136,65536,1,1000,128,512,RC,0,7.30,7.30,0.013921,,,,,,,,0,0,,,0,0,0,0,0,0,0,0,,0,0,0,0,0,0,0,0,0,0,0,0,0,0,0,0,0,0,0,0,0,0,0,0,0,0,0,0,0,0,0,0,0,0,0,0,0,0,0,0,0,0,0,0,0,0,0,0,0,0,0,0,0,0,0,0,0,0,0,0,0,0,0,0,0,0,0,0,0,0,0,0,0,0,0,0,0,0,0,0,0,0,0,0,0,0,0,0,0,0,0,0,0,0,0,0,0,0,0,0,0,0,0,0,0,0,0,0,0,0,0,0,0,0,0,0,0,0,0,0,0,0,0,0,0,0,0,0,0,0,0,0,0,0,0,0,0,0,0,0,0,0,0,0,0,0,0,0,0,0,0,0,0,0,0,0,0,0
2026-05-27T15:06:08+00:00,rxe-tbnet,1,1,default.ib_send_bw.size65536.qps1,ib_send_bw,send,bw,strix-2,strix-1,reverse,rxe_tb0,1,19642,ok,1.141,65536,1,1000,128,512,RC,0,7.32,7.31,0.013943,,,,,,,,0,0,,,0,0,0,0,0,0,0,0,,0,0,0,0,0,0,0,0,0,0,0,0,0,0,0,0,0,0,0,0,0,0,0,0,0,0,0,0,0,0,0,0,0,0,0,0,0,0,0,0,0,0,0,0,0,0,0,0,0,0,0,0,0,0,0,0,0,0,0,0,0,0,0,0,0,0,0,0,0,0,0,0,0,0,0,0,0,0,0,0,0,0,0,0,0,0,0,0,0,0,0,0,0,0,0,0,0,0,0,0,0,0,0,0,0,0,0,0,0,0,0,0,0,0,0,0,0,0,0,0,0,0,0,0,0,0,0,0,0,0,0,0,0,0,0,0,0,0,0,0,0,0,0,0,0,0,0,0,0,0,0,0,0,0,0,0,0,0
2026-05-27T15:06:09+00:00,rxe-tbnet,1,1,default.ib_send_bw.size1024.qps2,ib_send_bw,send,bw,strix-1,strix-2,forward,rxe_tb0,1,19643,ok,1.066,1024,2,1000,128,512,RC,0,3.52,3.19,0.388974,,,,,,,,0,0,,,0,0,0,0,0,0,0,0,,0,0,0,0,0,0,0,0,0,0,0,0,0,0,0,0,0,0,0,0,0,0,0,0,0,0,0,0,0,0,0,0,0,0,0,0,0,0,0,0,0,0,0,0,0,0,0,0,0,0,0,0,0,0,0,0,0,0,0,0,0,0,0,0,0,0,0,0,0,0,0,0,0,0,0,0,0,0,0,0,0,0,0,0,0,0,0,0,0,0,0,0,0,0,0,0,0,0,0,0,0,0,0,0,0,0,0,0,0,0,0,0,0,0,0,0,0,0,0,0,0,0,0,0,0,0,0,0,0,0,0,0,0,0,0,0,0,0,0,0,0,0,0,0,0,0,0,0,0,0,0,0,0,0,0,0,0,0
2026-05-27T15:06:10+00:00,rxe-tbnet,1,1,default.ib_send_bw.size1024.qps2,ib_send_bw,send,bw,strix-2,strix-1,reverse,rxe_tb0,1,19644,ok,1.068,1024,2,1000,128,512,RC,0,4.51,4.00,0.488811,,,,,,,,0,0,,,0,0,0,0,0,0,0,0,,0,0,0,0,0,0,0,0,0,0,0,0,0,0,0,0,0,0,0,0,0,0,0,0,0,0,0,0,0,0,0,0,0,0,0,0,0,0,0,0,0,0,0,0,0,0,0,0,0,0,0,0,0,0,0,0,0,0,0,0,0,0,0,0,0,0,0,0,0,0,0,0,0,0,0,0,0,0,0,0,0,0,0,0,0,0,0,0,0,0,0,0,0,0,0,0,0,0,0,0,0,0,0,0,0,0,0,0,0,0,0,0,0,0,0,0,0,0,0,0,0,0,0,0,0,0,0,0,0,0,0,0,0,0,0,0,0,0,0,0,0,0,0,0,0,0,0,0,0,0,0,0,0,0,0,0,0,0
2026-05-27T15:06:11+00:00,rxe-tbnet,1,1,default.ib_send_bw.size4096.qps2,ib_send_bw,send,bw,strix-1,strix-2,forward,rxe_tb0,1,19645,ok,1.077,4096,2,1000,128,512,RC,0,6.76,6.58,0.200908,,,,,,,,0,0,,,0,0,0,0,0,0,0,0,,0,0,0,0,0,0,0,0,0,0,0,0,0,0,0,0,0,0,0,0,0,0,0,0,0,0,0,0,0,0,0,0,0,0,0,0,0,0,0,0,0,0,0,0,0,0,0,0,0,0,0,0,0,0,0,0,0,0,0,0,0,0,0,0,0,0,0,0,0,0,0,0,0,0,0,0,0,0,0,0,0,0,0,0,0,0,0,0,0,0,0,0,0,0,0,0,0,0,0,0,0,0,0,0,0,0,0,0,0,0,0,0,0,0,0,0,0,0,0,0,0,0,0,0,0,0,0,0,0,0,0,0,0,0,0,0,0,0,0,0,0,0,0,0,0,0,0,0,0,0,0,0,0,0,0,0,0,0
2026-05-27T15:06:13+00:00,rxe-tbnet,1,1,default.ib_send_bw.size4096.qps2,ib_send_bw,send,bw,strix-2,strix-1,reverse,rxe_tb0,1,19646,ok,1.074,4096,2,1000,128,512,RC,0,6.61,6.61,0.201840,,,,,,,,0,0,,,0,0,0,0,0,0,0,0,,0,0,0,0,0,0,0,0,0,0,0,0,0,0,0,0,0,0,0,0,0,0,0,0,0,0,0,0,0,0,0,0,0,0,0,0,0,0,0,0,0,0,0,0,0,0,0,0,0,0,0,0,0,0,0,0,0,0,0,0,0,0,0,0,0,0,0,0,0,0,0,0,0,0,0,0,0,0,0,0,0,0,0,0,0,0,0,0,0,0,0,0,0,0,0,0,0,0,0,0,0,0,0,0,0,0,0,0,0,0,0,0,0,0,0,0,0,0,0,0,0,0,0,0,0,0,0,0,0,0,0,0,0,0,0,0,0,0,0,0,0,0,0,0,0,0,0,0,0,0,0,0,0,0,0,0,0,0
2026-05-27T15:06:14+00:00,rxe-tbnet,1,1,default.ib_send_bw.size65536.qps2,ib_send_bw,send,bw,strix-1,strix-2,forward,rxe_tb0,1,19647,ok,1.206,65536,2,1000,128,512,RC,0,7.66,7.66,0.014608,,,,,,,,0,0,,,0,0,0,0,0,0,0,0,,0,0,0,0,0,0,0,0,0,0,0,0,0,0,0,0,0,0,0,0,0,0,0,0,0,0,0,0,0,0,0,0,0,0,0,0,0,0,0,0,0,0,0,0,0,0,0,0,0,0,0,0,0,0,0,0,0,0,0,0,0,0,0,0,0,0,0,0,0,0,0,0,0,0,0,0,0,0,0,0,0,0,0,0,0,0,0,0,0,0,0,0,0,0,0,0,0,0,0,0,0,0,0,0,0,0,0,0,0,0,0,0,0,0,0,0,0,0,0,0,0,0,0,0,0,0,0,0,0,0,0,0,0,0,0,0,0,0,0,0,0,0,0,0,0,0,0,0,0,0,0,0,0,0,0,0,0,0
2026-05-27T15:06:16+00:00,rxe-tbnet,1,1,default.ib_send_bw.size65536.qps2,ib_send_bw,send,bw,strix-2,strix-1,reverse,rxe_tb0,1,19648,ok,1.200,65536,2,1000,128,512,RC,0,7.87,7.87,0.015003,,,,,,,,0,0,,,0,0,0,0,0,0,0,0,,0,0,0,0,0,0,0,0,0,0,0,0,0,0,0,0,0,0,0,0,0,0,0,0,0,0,0,0,0,0,0,0,0,0,0,0,0,0,0,0,0,0,0,0,0,0,0,0,0,0,0,0,0,0,0,0,0,0,0,0,0,0,0,0,0,0,0,0,0,0,0,0,0,0,0,0,0,0,0,0,0,0,0,0,0,0,0,0,0,0,0,0,0,0,0,0,0,0,0,0,0,0,0,0,0,0,0,0,0,0,0,0,0,0,0,0,0,0,0,0,0,0,0,0,0,0,0,0,0,0,0,0,0,0,0,0,0,0,0,0,0,0,0,0,0,0,0,0,0,0,0,0,0,0,0,0,0,0
2026-05-27T15:06:17+00:00,rxe-tbnet,1,1,default.ib_send_bw.size1024.qps4,ib_send_bw,send,bw,strix-1,strix-2,forward,rxe_tb0,1,19649,ok,1.070,1024,4,1000,128,512,RC,0,5.70,5.55,0.677427,,,,,,,,0,0,,,0,0,0,0,0,0,0,0,,0,0,0,0,0,0,0,0,0,0,0,0,0,0,0,0,0,0,0,0,0,0,0,0,0,0,0,0,0,0,0,0,0,0,0,0,0,0,0,0,0,0,0,0,0,0,0,0,0,0,0,0,0,0,0,0,0,0,0,0,0,0,0,0,0,0,0,0,0,0,0,0,0,0,0,0,0,0,0,0,0,0,0,0,0,0,0,0,0,0,0,0,0,0,0,0,0,0,0,0,0,0,0,0,0,0,0,0,0,0,0,0,0,0,0,0,0,0,0,0,0,0,0,0,0,0,0,0,0,0,0,0,0,0,0,0,0,0,0,0,0,0,0,0,0,0,0,0,0,0,0,0,0,0,0,0,0,0
2026-05-27T15:06:18+00:00,rxe-tbnet,1,1,default.ib_send_bw.size1024.qps4,ib_send_bw,send,bw,strix-2,strix-1,reverse,rxe_tb0,1,19650,ok,1.067,1024,4,1000,128,512,RC,0,5.61,5.57,0.679723,,,,,,,,0,0,,,0,0,0,0,0,0,0,0,,0,0,0,0,0,0,0,0,0,0,0,0,0,0,0,0,0,0,0,0,0,0,0,0,0,0,0,0,0,0,0,0,0,0,0,0,0,0,0,0,0,0,0,0,0,0,0,0,0,0,0,0,0,0,0,0,0,0,0,0,0,0,0,0,0,0,0,0,0,0,0,0,0,0,0,0,0,0,0,0,0,0,0,0,0,0,0,0,0,0,0,0,0,0,0,0,0,0,0,0,0,0,0,0,0,0,0,0,0,0,0,0,0,0,0,0,0,0,0,0,0,0,0,0,0,0,0,0,0,0,0,0,0,0,0,0,0,0,0,0,0,0,0,0,0,0,0,0,0,0,0,0,0,0,0,0,0,0
2026-05-27T15:06:20+00:00,rxe-tbnet,1,1,default.ib_send_bw.size4096.qps4,ib_send_bw,send,bw,strix-1,strix-2,forward,rxe_tb0,1,19651,ok,1.083,4096,4,1000,128,512,RC,0,6.93,6.93,0.211623,,,,,,,,0,0,,,0,0,0,0,0,0,0,0,,0,0,0,0,0,0,0,0,0,0,0,0,0,0,0,0,0,0,0,0,0,0,0,0,0,0,0,0,0,0,0,0,0,0,0,0,0,0,0,0,0,0,0,0,0,0,0,0,0,0,0,0,0,0,0,0,0,0,0,0,0,0,0,0,0,0,0,0,0,0,0,0,0,0,0,0,0,0,0,0,0,0,0,0,0,0,0,0,0,0,0,0,0,0,0,0,0,0,0,0,0,0,0,0,0,0,0,0,0,0,0,0,0,0,0,0,0,0,0,0,0,0,0,0,0,0,0,0,0,0,0,0,0,0,0,0,0,0,0,0,0,0,0,0,0,0,0,0,0,0,0,0,0,0,0,0,0,0
2026-05-27T15:06:21+00:00,rxe-tbnet,1,1,default.ib_send_bw.size4096.qps4,ib_send_bw,send,bw,strix-2,strix-1,reverse,rxe_tb0,1,19652,ok,1.083,4096,4,1000,128,512,RC,0,6.86,6.86,0.209205,,,,,,,,0,0,,,0,0,0,0,0,0,0,0,,0,0,0,0,0,0,0,0,0,0,0,0,0,0,0,0,0,0,0,0,0,0,0,0,0,0,0,0,0,0,0,0,0,0,0,0,0,0,0,0,0,0,0,0,0,0,0,0,0,0,0,0,0,0,0,0,0,0,0,0,0,0,0,0,0,0,0,0,0,0,0,0,0,0,0,0,0,0,0,0,0,0,0,0,0,0,0,0,0,0,0,0,0,0,0,0,0,0,0,0,0,0,0,0,0,0,0,0,0,0,0,0,0,0,0,0,0,0,0,0,0,0,0,0,0,0,0,0,0,0,0,0,0,0,0,0,0,0,0,0,0,0,0,0,0,0,0,0,0,0,0,0,0,0,0,0,0,0
2026-05-27T15:06:22+00:00,rxe-tbnet,1,1,default.ib_send_bw.size65536.qps4,ib_send_bw,send,bw,strix-1,strix-2,forward,rxe_tb0,1,19653,ok,1.405,65536,4,1000,128,512,RC,0,8.07,6.36,0.012134,,,,,,,,0,0,,,0,0,0,0,0,0,0,0,,0,0,0,0,0,0,0,0,0,0,0,0,0,0,0,0,0,0,0,0,0,0,0,0,0,0,0,0,0,0,0,0,0,0,0,0,0,0,0,0,0,0,0,0,0,0,0,0,0,0,0,0,0,0,0,0,0,0,0,0,0,0,0,0,0,0,0,0,0,0,0,0,0,0,0,0,0,0,0,0,0,0,0,0,0,0,0,0,0,0,0,0,0,0,0,0,0,0,0,0,0,0,0,0,0,0,0,0,0,0,0,0,0,0,0,0,0,0,0,0,0,0,0,0,0,0,0,0,0,0,0,0,0,0,0,0,0,0,0,0,0,0,0,0,0,0,0,0,0,0,0,0,0,0,0,0,0,0
2026-05-27T15:06:24+00:00,rxe-tbnet,1,1,default.ib_send_bw.size65536.qps4,ib_send_bw,send,bw,strix-2,strix-1,reverse,rxe_tb0,1,19654,ok,1.344,65536,4,1000,128,512,RC,0,7.88,7.88,0.015023,,,,,,,,0,0,,,0,0,0,0,0,0,0,0,,0,0,0,0,0,0,0,0,0,0,0,0,0,0,0,0,0,0,0,0,0,0,0,0,0,0,0,0,0,0,0,0,0,0,0,0,0,0,0,0,0,0,0,0,0,0,0,0,0,0,0,0,0,0,0,0,0,0,0,0,0,0,0,0,0,0,0,0,0,0,0,0,0,0,0,0,0,0,0,0,0,0,0,0,0,0,0,0,0,0,0,0,0,0,0,0,0,0,0,0,0,0,0,0,0,0,0,0,0,0,0,0,0,0,0,0,0,0,0,0,0,0,0,0,0,0,0,0,0,0,0,0,0,0,0,0,0,0,0,0,0,0,0,0,0,0,0,0,0,0,0,0,0,0,0,0,0,0
2026-05-27T15:06:25+00:00,rxe-tbnet,1,1,default.ib_write_bw.bidi.size65536.qps2,ib_write_bw,write,bw,strix-1,strix-2,forward,rxe_tb0,1,19655,ok,2.182,65536,2,1000,128,,RC,1,36.90,36.87,0.070329,,,,,,,,0,0,,,0,0,0,0,0,0,0,0,,0,0,0,0,0,0,0,0,0,0,0,0,0,0,0,0,0,0,0,0,0,0,0,0,0,0,0,0,0,0,0,0,0,0,0,0,0,0,0,0,0,0,0,0,0,0,0,0,0,0,0,0,0,0,0,0,0,0,0,0,0,0,0,0,0,0,0,0,0,0,0,0,0,0,0,0,0,0,0,0,0,0,0,0,0,0,0,0,0,0,0,0,0,0,0,0,0,0,0,0,0,0,0,0,0,0,0,0,0,0,0,0,0,0,0,0,0,0,0,0,0,0,0,0,0,0,0,0,0,0,0,0,0,0,0,0,0,0,0,0,0,0,0,0,0,0,0,0,0,0,0,0,0,0,0,0,0,0
2026-05-27T15:06:28+00:00,rxe-tbnet,1,1,default.ib_write_bw.bidi.size65536.qps2,ib_write_bw,write,bw,strix-2,strix-1,reverse,rxe_tb0,1,19656,ok,2.184,65536,2,1000,128,,RC,1,36.86,36.84,0.070266,,,,,,,,0,0,,,0,0,0,0,0,0,0,0,,0,0,0,0,0,0,0,0,0,0,0,0,0,0,0,0,0,0,0,0,0,0,0,0,0,0,0,0,0,0,0,0,0,0,0,0,0,0,0,0,0,0,0,0,0,0,0,0,0,0,0,0,0,0,0,0,0,0,0,0,0,0,0,0,0,0,0,0,0,0,0,0,0,0,0,0,0,0,0,0,0,0,0,0,0,0,0,0,0,0,0,0,0,0,0,0,0,0,0,0,0,0,0,0,0,0,0,0,0,0,0,0,0,0,0,0,0,0,0,0,0,0,0,0,0,0,0,0,0,0,0,0,0,0,0,0,0,0,0,0,0,0,0,0,0,0,0,0,0,0,0,0,0,0,0,0,0,0
2026-05-27T15:06:30+00:00,rxe-tbnet,1,1,default.ib_write_bw.bidi.size65536.qps4,ib_write_bw,write,bw,strix-1,strix-2,forward,rxe_tb0,1,19657,ok,2.294,65536,4,1000,128,,RC,1,38.96,38.96,0.074296,,,,,,,,0,0,,,0,0,0,0,0,0,0,0,,0,0,0,0,0,0,0,0,0,0,0,0,0,0,0,0,0,0,0,0,0,0,0,0,0,0,0,0,0,0,0,0,0,0,0,0,0,0,0,0,0,0,0,0,0,0,0,0,0,0,0,0,0,0,0,0,0,0,0,0,0,0,0,0,0,0,0,0,0,0,0,0,0,0,0,0,0,0,0,0,0,0,0,0,0,0,0,0,0,0,0,0,0,0,0,0,0,0,0,0,0,0,0,0,0,0,0,0,0,0,0,0,0,0,0,0,0,0,0,0,0,0,0,0,0,0,0,0,0,0,0,0,0,0,0,0,0,0,0,0,0,0,0,0,0,0,0,0,0,0,0,0,0,0,0,0,0,0
2026-05-27T15:06:33+00:00,rxe-tbnet,1,1,default.ib_write_bw.bidi.size65536.qps4,ib_write_bw,write,bw,strix-2,strix-1,reverse,rxe_tb0,1,19658,ok,2.296,65536,4,1000,128,,RC,1,38.97,38.97,0.074334,,,,,,,,0,0,,,0,0,0,0,0,0,0,0,,0,0,0,0,0,0,0,0,0,0,0,0,0,0,0,0,0,0,0,0,0,0,0,0,0,0,0,0,0,0,0,0,0,0,0,0,0,0,0,0,0,0,0,0,0,0,0,0,0,0,0,0,0,0,0,0,0,0,0,0,0,0,0,0,0,0,0,0,0,0,0,0,0,0,0,0,0,0,0,0,0,0,0,0,0,0,0,0,0,0,0,0,0,0,0,0,0,0,0,0,0,0,0,0,0,0,0,0,0,0,0,0,0,0,0,0,0,0,0,0,0,0,0,0,0,0,0,0,0,0,0,0,0,0,0,0,0,0,0,0,0,0,0,0,0,0,0,0,0,0,0,0,0,0,0,0,0,0
2026-05-27T15:06:35+00:00,rxe-tbnet,1,1,default.ib_read_bw.bidi.size65536.qps2,ib_read_bw,read,bw,strix-1,strix-2,forward,rxe_tb0,1,19659,ok,1.186,65536,2,1000,128,,RC,1,36.96,36.85,0.070294,,,,,,,,0,0,,,0,0,0,0,0,0,0,0,,0,0,0,0,0,0,0,0,0,0,0,0,0,0,0,0,0,0,0,0,0,0,0,0,0,0,0,0,0,0,0,0,0,0,0,0,0,0,0,0,0,0,0,0,0,0,0,0,0,0,0,0,0,0,0,0,0,0,0,0,0,0,0,0,0,0,0,0,0,0,0,0,0,0,0,0,0,0,0,0,0,0,0,0,0,0,0,0,0,0,0,0,0,0,0,0,0,0,0,0,0,0,0,0,0,0,0,0,0,0,0,0,0,0,0,0,0,0,0,0,0,0,0,0,0,0,0,0,0,0,0,0,0,0,0,0,0,0,0,0,0,0,0,0,0,0,0,0,0,0,0,0,0,0,0,0,0,0
2026-05-27T15:06:37+00:00,rxe-tbnet,1,1,default.ib_read_bw.bidi.size65536.qps2,ib_read_bw,read,bw,strix-2,strix-1,reverse,rxe_tb0,1,19660,ok,1.184,65536,2,1000,128,,RC,1,36.60,36.60,0.069790,,,,,,,,0,0,,,0,0,0,0,0,0,0,0,,0,0,0,0,0,0,0,0,0,0,0,0,0,0,0,0,0,0,0,0,0,0,0,0,0,0,0,0,0,0,0,0,0,0,0,0,0,0,0,0,0,0,0,0,0,0,0,0,0,0,0,0,0,0,0,0,0,0,0,0,0,0,0,0,0,0,0,0,0,0,0,0,0,0,0,0,0,0,0,0,0,0,0,0,0,0,0,0,0,0,0,0,0,0,0,0,0,0,0,0,0,0,0,0,0,0,0,0,0,0,0,0,0,0,0,0,0,0,0,0,0,0,0,0,0,0,0,0,0,0,0,0,0,0,0,0,0,0,0,0,0,0,0,0,0,0,0,0,0,0,0,0,0,0,0,0,0,0
2026-05-27T15:06:38+00:00,rxe-tbnet,1,1,default.ib_read_bw.bidi.size65536.qps4,ib_read_bw,read,bw,strix-1,strix-2,forward,rxe_tb0,1,19661,ok,1.549,65536,4,1000,128,,RC,1,31.64,25.66,0.048941,,,,,,,,0,0,,,0,0,0,0,0,0,0,0,,0,0,0,0,0,0,0,0,0,0,0,0,0,0,0,0,0,0,0,0,0,0,0,0,0,0,0,0,0,0,0,0,0,0,0,0,0,0,0,0,0,0,0,0,0,0,0,0,0,0,0,0,0,0,0,0,0,0,0,0,0,0,0,0,0,0,0,0,0,0,0,0,0,0,0,0,0,0,0,0,0,0,0,0,0,0,0,0,0,0,0,0,0,0,0,0,0,0,0,0,0,0,0,0,0,0,0,0,0,0,0,0,0,0,0,0,0,0,0,0,0,0,0,0,0,0,0,0,0,0,0,0,0,0,0,0,0,0,0,0,0,0,0,0,0,0,0,0,0,0,0,0,0,0,0,0,0,0
2026-05-27T15:06:40+00:00,rxe-tbnet,1,1,default.ib_read_bw.bidi.size65536.qps4,ib_read_bw,read,bw,strix-2,strix-1,reverse,rxe_tb0,1,19662,ok,1.563,65536,4,1000,128,,RC,1,31.85,24.94,0.047562,,,,,,,,0,0,,,0,0,0,0,0,0,0,0,,0,0,0,0,0,0,0,0,0,0,0,0,0,0,0,0,0,0,0,0,0,0,0,0,0,0,0,0,0,0,0,0,0,0,0,0,0,0,0,0,0,0,0,0,0,0,0,0,0,0,0,0,0,0,0,0,0,0,0,0,0,0,0,0,0,0,0,0,0,0,0,0,0,0,0,0,0,0,0,0,0,0,0,0,0,0,0,0,0,0,0,0,0,0,0,0,0,0,0,0,0,0,0,0,0,0,0,0,0,0,0,0,0,0,0,0,0,0,0,0,0,0,0,0,0,0,0,0,0,0,0,0,0,0,0,0,0,0,0,0,0,0,0,0,0,0,0,0,0,0,0,0,0,0,0,0,0,0
2026-05-27T15:06:41+00:00,rxe-tbnet,1,1,default.ib_send_bw.bidi.size65536.qps2,ib_send_bw,send,bw,strix-1,strix-2,forward,rxe_tb0,1,19663,ok,1.178,65536,2,1000,128,512,RC,1,37.02,37.00,0.070589,,,,,,,,0,0,,,0,0,0,0,0,0,0,0,,0,0,0,0,0,0,0,0,0,0,0,0,0,0,0,0,0,0,0,0,0,0,0,0,0,0,0,0,0,0,0,0,0,0,0,0,0,0,0,0,0,0,0,0,0,0,0,0,0,0,0,0,0,0,0,0,0,0,0,0,0,0,0,0,0,0,0,0,0,0,0,0,0,0,0,0,0,0,0,0,0,0,0,0,0,0,0,0,0,0,0,0,0,0,0,0,0,0,0,0,0,0,0,0,0,0,0,0,0,0,0,0,0,0,0,0,0,0,0,0,0,0,0,0,0,0,0,0,0,0,0,0,0,0,0,0,0,0,0,0,0,0,0,0,0,0,0,0,0,0,0,0,0,0,0,0,0,0
2026-05-27T15:06:43+00:00,rxe-tbnet,1,1,default.ib_send_bw.bidi.size65536.qps2,ib_send_bw,send,bw,strix-2,strix-1,reverse,rxe_tb0,1,19664,ok,1.185,65536,2,1000,128,512,RC,1,37.01,36.98,0.070538,,,,,,,,0,0,,,0,0,0,0,0,0,0,0,,0,0,0,0,0,0,0,0,0,0,0,0,0,0,0,0,0,0,0,0,0,0,0,0,0,0,0,0,0,0,0,0,0,0,0,0,0,0,0,0,0,0,0,0,0,0,0,0,0,0,0,0,0,0,0,0,0,0,0,0,0,0,0,0,0,0,0,0,0,0,0,0,0,0,0,0,0,0,0,0,0,0,0,0,0,0,0,0,0,0,0,0,0,0,0,0,0,0,0,0,0,0,0,0,0,0,0,0,0,0,0,0,0,0,0,0,0,0,0,0,0,0,0,0,0,0,0,0,0,0,0,0,0,0,0,0,0,0,0,0,0,0,0,0,0,0,0,0,0,0,0,0,0,0,0,0,0,0
2026-05-27T15:06:44+00:00,rxe-tbnet,1,1,default.ib_send_bw.bidi.size65536.qps4,ib_send_bw,send,bw,strix-1,strix-2,forward,rxe_tb0,1,19665,ok,1.294,65536,4,1000,128,512,RC,1,39.10,39.10,0.074568,,,,,,,,0,0,,,0,0,0,0,0,0,0,0,,0,0,0,0,0,0,0,0,0,0,0,0,0,0,0,0,0,0,0,0,0,0,0,0,0,0,0,0,0,0,0,0,0,0,0,0,0,0,0,0,0,0,0,0,0,0,0,0,0,0,0,0,0,0,0,0,0,0,0,0,0,0,0,0,0,0,0,0,0,0,0,0,0,0,0,0,0,0,0,0,0,0,0,0,0,0,0,0,0,0,0,0,0,0,0,0,0,0,0,0,0,0,0,0,0,0,0,0,0,0,0,0,0,0,0,0,0,0,0,0,0,0,0,0,0,0,0,0,0,0,0,0,0,0,0,0,0,0,0,0,0,0,0,0,0,0,0,0,0,0,0,0,0,0,0,0,0,0
2026-05-27T15:06:46+00:00,rxe-tbnet,1,1,default.ib_send_bw.bidi.size65536.qps4,ib_send_bw,send,bw,strix-2,strix-1,reverse,rxe_tb0,1,19666,ok,1.291,65536,4,1000,128,512,RC,1,38.99,38.99,0.074371,,,,,,,,0,0,,,0,0,0,0,0,0,0,0,,0,0,0,0,0,0,0,0,0,0,0,0,0,0,0,0,0,0,0,0,0,0,0,0,0,0,0,0,0,0,0,0,0,0,0,0,0,0,0,0,0,0,0,0,0,0,0,0,0,0,0,0,0,0,0,0,0,0,0,0,0,0,0,0,0,0,0,0,0,0,0,0,0,0,0,0,0,0,0,0,0,0,0,0,0,0,0,0,0,0,0,0,0,0,0,0,0,0,0,0,0,0,0,0,0,0,0,0,0,0,0,0,0,0,0,0,0,0,0,0,0,0,0,0,0,0,0,0,0,0,0,0,0,0,0,0,0,0,0,0,0,0,0,0,0,0,0,0,0,0,0,0,0,0,0,0,0,0
2026-05-27T15:06:47+00:00,rxe-tbnet,1,1,default.ib_write_lat.size64,ib_write_lat,write,lat,strix-1,strix-2,forward,rxe_tb0,1,19667,ok,1.483,64,1,1000,,,RC,0,,,,52.50,133.85,65.28,65.26,0.89,68.24,133.85,0,0,,,0,0,0,0,0,0,0,0,,0,0,0,0,0,0,0,0,0,0,0,0,0,0,0,0,0,0,0,0,0,0,0,0,0,0,0,0,0,0,0,0,0,0,0,0,0,0,0,0,0,0,0,0,0,0,0,0,0,0,0,0,0,0,0,0,0,0,0,0,0,0,0,0,0,0,0,0,0,0,0,0,0,0,0,0,0,0,0,0,0,0,0,0,0,0,0,0,0,0,0,0,0,0,0,0,0,0,0,0,0,0,0,0,0,0,0,0,0,0,0,0,0,0,0,0,0,0,0,0,0,0,0,0,0,0,0,0,0,0,0,0,0,0,0,0,0,0,0,0,0,0,0,0,0,0,0,0,0,0,0,0,0,0,0,0,0,0
2026-05-27T15:06:49+00:00,rxe-tbnet,1,1,default.ib_write_lat.size64,ib_write_lat,write,lat,strix-2,strix-1,reverse,rxe_tb0,1,19668,ok,1.486,64,1,1000,,,RC,0,,,,54.03,133.76,65.28,65.25,0.57,67.16,133.76,0,0,,,0,0,0,0,0,0,0,0,,0,0,0,0,0,0,0,0,0,0,0,0,0,0,0,0,0,0,0,0,0,0,0,0,0,0,0,0,0,0,0,0,0,0,0,0,0,0,0,0,0,0,0,0,0,0,0,0,0,0,0,0,0,0,0,0,0,0,0,0,0,0,0,0,0,0,0,0,0,0,0,0,0,0,0,0,0,0,0,0,0,0,0,0,0,0,0,0,0,0,0,0,0,0,0,0,0,0,0,0,0,0,0,0,0,0,0,0,0,0,0,0,0,0,0,0,0,0,0,0,0,0,0,0,0,0,0,0,0,0,0,0,0,0,0,0,0,0,0,0,0,0,0,0,0,0,0,0,0,0,0,0,0,0,0,0,0,0
2026-05-27T15:06:51+00:00,rxe-tbnet,1,1,default.ib_write_lat.size4096,ib_write_lat,write,lat,strix-1,strix-2,forward,rxe_tb0,1,19669,ok,1.486,4096,1,1000,,,RC,0,,,,58.44,70.77,65.29,65.26,0.45,67.67,70.77,0,0,,,0,0,0,0,0,0,0,0,,0,0,0,0,0,0,0,0,0,0,0,0,0,0,0,0,0,0,0,0,0,0,0,0,0,0,0,0,0,0,0,0,0,0,0,0,0,0,0,0,0,0,0,0,0,0,0,0,0,0,0,0,0,0,0,0,0,0,0,0,0,0,0,0,0,0,0,0,0,0,0,0,0,0,0,0,0,0,0,0,0,0,0,0,0,0,0,0,0,0,0,0,0,0,0,0,0,0,0,0,0,0,0,0,0,0,0,0,0,0,0,0,0,0,0,0,0,0,0,0,0,0,0,0,0,0,0,0,0,0,0,0,0,0,0,0,0,0,0,0,0,0,0,0,0,0,0,0,0,0,0,0,0,0,0,0,0,0
2026-05-27T15:06:52+00:00,rxe-tbnet,1,1,default.ib_write_lat.size4096,ib_write_lat,write,lat,strix-2,strix-1,reverse,rxe_tb0,1,19670,ok,1.556,4096,1,1000,,,RC,0,,,,53.90,34092.23,65.28,65.44,4.22,69.80,34092.23,0,0,,,0,0,0,0,0,0,0,0,,0,0,0,0,0,0,0,0,0,0,0,0,0,0,0,0,0,0,0,0,0,0,0,0,0,0,0,0,0,0,0,0,0,0,0,0,0,0,0,0,0,0,0,0,0,0,0,0,0,0,0,0,0,0,0,0,0,0,0,0,0,0,0,0,0,0,0,0,0,0,0,0,0,0,0,0,0,0,0,0,0,0,0,0,0,0,0,0,0,0,0,0,0,0,0,0,0,0,0,0,0,0,0,0,0,0,0,0,0,0,0,0,0,0,0,0,0,0,0,0,0,0,0,0,0,0,0,0,0,0,0,0,0,0,0,0,0,0,0,0,0,0,0,0,0,0,0,0,0,0,0,0,0,0,0,0,0,0
2026-05-27T15:06:54+00:00,rxe-tbnet,1,1,default.ib_write_lat.size65536,ib_write_lat,write,lat,strix-1,strix-2,forward,rxe_tb0,1,19671,ok,1.638,65536,1,1000,,,RC,0,,,,130.65,218.85,177.05,176.78,3.58,189.15,218.85,0,0,,,0,0,0,0,0,0,0,0,,0,0,0,0,0,0,0,0,0,0,0,0,0,0,0,0,0,0,0,0,0,0,0,0,0,0,0,0,0,0,0,0,0,0,0,0,0,0,0,0,0,0,0,0,0,0,0,0,0,0,0,0,0,0,0,0,0,0,0,0,0,0,0,0,0,0,0,0,0,0,0,0,0,0,0,0,0,0,0,0,0,0,0,0,0,0,0,0,0,0,0,0,0,0,0,0,0,0,0,0,0,0,0,0,0,0,0,0,0,0,0,0,0,0,0,0,0,0,0,0,0,0,0,0,0,0,0,0,0,0,0,0,0,0,0,0,0,0,0,0,0,0,0,0,0,0,0,0,0,0,0,0,0,0,0,0,0,0
2026-05-27T15:06:56+00:00,rxe-tbnet,1,1,default.ib_write_lat.size65536,ib_write_lat,write,lat,strix-2,strix-1,reverse,rxe_tb0,1,19672,ok,1.635,65536,1,1000,,,RC,0,,,,159.62,219.69,177.12,176.35,2.64,183.65,219.69,0,0,,,0,0,0,0,0,0,0,0,,0,0,0,0,0,0,0,0,0,0,0,0,0,0,0,0,0,0,0,0,0,0,0,0,0,0,0,0,0,0,0,0,0,0,0,0,0,0,0,0,0,0,0,0,0,0,0,0,0,0,0,0,0,0,0,0,0,0,0,0,0,0,0,0,0,0,0,0,0,0,0,0,0,0,0,0,0,0,0,0,0,0,0,0,0,0,0,0,0,0,0,0,0,0,0,0,0,0,0,0,0,0,0,0,0,0,0,0,0,0,0,0,0,0,0,0,0,0,0,0,0,0,0,0,0,0,0,0,0,0,0,0,0,0,0,0,0,0,0,0,0,0,0,0,0,0,0,0,0,0,0,0,0,0,0,0,0,0
2026-05-27T15:06:58+00:00,rxe-tbnet,1,1,default.ib_read_lat.size64,ib_read_lat,read,lat,strix-1,strix-2,forward,rxe_tb0,1,19673,ok,1.414,64,1,1000,,,RC,0,,,,110.58,136.74,130.57,130.53,0.96,133.02,136.74,0,0,,,0,0,0,0,0,0,0,0,,0,0,0,0,0,0,0,0,0,0,0,0,0,0,0,0,0,0,0,0,0,0,0,0,0,0,0,0,0,0,0,0,0,0,0,0,0,0,0,0,0,0,0,0,0,0,0,0,0,0,0,0,0,0,0,0,0,0,0,0,0,0,0,0,0,0,0,0,0,0,0,0,0,0,0,0,0,0,0,0,0,0,0,0,0,0,0,0,0,0,0,0,0,0,0,0,0,0,0,0,0,0,0,0,0,0,0,0,0,0,0,0,0,0,0,0,0,0,0,0,0,0,0,0,0,0,0,0,0,0,0,0,0,0,0,0,0,0,0,0,0,0,0,0,0,0,0,0,0,0,0,0,0,0,0,0,0,0
2026-05-27T15:06:59+00:00,rxe-tbnet,1,1,default.ib_read_lat.size64,ib_read_lat,read,lat,strix-2,strix-1,reverse,rxe_tb0,1,19674,ok,1.415,64,1,1000,,,RC,0,,,,112.94,146.57,130.57,130.53,1.62,135.34,146.57,0,0,,,0,0,0,0,0,0,0,0,,0,0,0,0,0,0,0,0,0,0,0,0,0,0,0,0,0,0,0,0,0,0,0,0,0,0,0,0,0,0,0,0,0,0,0,0,0,0,0,0,0,0,0,0,0,0,0,0,0,0,0,0,0,0,0,0,0,0,0,0,0,0,0,0,0,0,0,0,0,0,0,0,0,0,0,0,0,0,0,0,0,0,0,0,0,0,0,0,0,0,0,0,0,0,0,0,0,0,0,0,0,0,0,0,0,0,0,0,0,0,0,0,0,0,0,0,0,0,0,0,0,0,0,0,0,0,0,0,0,0,0,0,0,0,0,0,0,0,0,0,0,0,0,0,0,0,0,0,0,0,0,0,0,0,0,0,0,0
2026-05-27T15:07:01+00:00,rxe-tbnet,1,1,default.ib_read_lat.size4096,ib_read_lat,read,lat,strix-1,strix-2,forward,rxe_tb0,1,19675,ok,1.417,4096,1,1000,,,RC,0,,,,118.85,137.69,130.56,130.53,0.85,134.01,137.69,0,0,,,0,0,0,0,0,0,0,0,,0,0,0,0,0,0,0,0,0,0,0,0,0,0,0,0,0,0,0,0,0,0,0,0,0,0,0,0,0,0,0,0,0,0,0,0,0,0,0,0,0,0,0,0,0,0,0,0,0,0,0,0,0,0,0,0,0,0,0,0,0,0,0,0,0,0,0,0,0,0,0,0,0,0,0,0,0,0,0,0,0,0,0,0,0,0,0,0,0,0,0,0,0,0,0,0,0,0,0,0,0,0,0,0,0,0,0,0,0,0,0,0,0,0,0,0,0,0,0,0,0,0,0,0,0,0,0,0,0,0,0,0,0,0,0,0,0,0,0,0,0,0,0,0,0,0,0,0,0,0,0,0,0,0,0,0,0,0
2026-05-27T15:07:03+00:00,rxe-tbnet,1,1,default.ib_read_lat.size4096,ib_read_lat,read,lat,strix-2,strix-1,reverse,rxe_tb0,1,19676,ok,1.413,4096,1,1000,,,RC,0,,,,109.57,139.02,130.56,130.52,0.90,134.17,139.02,0,0,,,0,0,0,0,0,0,0,0,,0,0,0,0,0,0,0,0,0,0,0,0,0,0,0,0,0,0,0,0,0,0,0,0,0,0,0,0,0,0,0,0,0,0,0,0,0,0,0,0,0,0,0,0,0,0,0,0,0,0,0,0,0,0,0,0,0,0,0,0,0,0,0,0,0,0,0,0,0,0,0,0,0,0,0,0,0,0,0,0,0,0,0,0,0,0,0,0,0,0,0,0,0,0,0,0,0,0,0,0,0,0,0,0,0,0,0,0,0,0,0,0,0,0,0,0,0,0,0,0,0,0,0,0,0,0,0,0,0,0,0,0,0,0,0,0,0,0,0,0,0,0,0,0,0,0,0,0,0,0,0,0,0,0,0,0,0,0
2026-05-27T15:07:04+00:00,rxe-tbnet,1,1,default.ib_read_lat.size65536,ib_read_lat,read,lat,strix-1,strix-2,forward,rxe_tb0,1,19677,ok,1.490,65536,1,1000,,,RC,0,,,,116.94,359.07,130.58,134.35,21.55,261.14,359.07,0,0,,,0,0,0,0,0,0,0,0,,0,0,0,0,0,0,0,0,0,0,0,0,0,0,0,0,0,0,0,0,0,0,0,0,0,0,0,0,0,0,0,0,0,0,0,0,0,0,0,0,0,0,0,0,0,0,0,0,0,0,0,0,0,0,0,0,0,0,0,0,0,0,0,0,0,0,0,0,0,0,0,0,0,0,0,0,0,0,0,0,0,0,0,0,0,0,0,0,0,0,0,0,0,0,0,0,0,0,0,0,0,0,0,0,0,0,0,0,0,0,0,0,0,0,0,0,0,0,0,0,0,0,0,0,0,0,0,0,0,0,0,0,0,0,0,0,0,0,0,0,0,0,0,0,0,0,0,0,0,0,0,0,0,0,0,0,0,0
2026-05-27T15:07:06+00:00,rxe-tbnet,1,1,default.ib_read_lat.size65536,ib_read_lat,read,lat,strix-2,strix-1,reverse,rxe_tb0,1,19678,ok,1.415,65536,1,1000,,,RC,0,,,,116.27,262.79,130.58,132.40,14.61,257.16,262.79,0,0,,,0,0,0,0,0,0,0,0,,0,0,0,0,0,0,0,0,0,0,0,0,0,0,0,0,0,0,0,0,0,0,0,0,0,0,0,0,0,0,0,0,0,0,0,0,0,0,0,0,0,0,0,0,0,0,0,0,0,0,0,0,0,0,0,0,0,0,0,0,0,0,0,0,0,0,0,0,0,0,0,0,0,0,0,0,0,0,0,0,0,0,0,0,0,0,0,0,0,0,0,0,0,0,0,0,0,0,0,0,0,0,0,0,0,0,0,0,0,0,0,0,0,0,0,0,0,0,0,0,0,0,0,0,0,0,0,0,0,0,0,0,0,0,0,0,0,0,0,0,0,0,0,0,0,0,0,0,0,0,0,0,0,0,0,0,0,0
2026-05-27T15:07:08+00:00,rxe-tbnet,1,1,default.ib_send_lat.size64,ib_send_lat,send,lat,strix-1,strix-2,forward,rxe_tb0,1,19679,ok,1.558,64,1,1000,,512,RC,0,,,,59.90,35226.17,65.28,65.41,3.07,67.59,35226.17,0,0,,,0,0,0,0,0,0,0,0,,0,0,0,0,0,0,0,0,0,0,0,0,0,0,0,0,0,0,0,0,0,0,0,0,0,0,0,0,0,0,0,0,0,0,0,0,0,0,0,0,0,0,0,0,0,0,0,0,0,0,0,0,0,0,0,0,0,0,0,0,0,0,0,0,0,0,0,0,0,0,0,0,0,0,0,0,0,0,0,0,0,0,0,0,0,0,0,0,0,0,0,0,0,0,0,0,0,0,0,0,0,0,0,0,0,0,0,0,0,0,0,0,0,0,0,0,0,0,0,0,0,0,0,0,0,0,0,0,0,0,0,0,0,0,0,0,0,0,0,0,0,0,0,0,0,0,0,0,0,0,0,0,0,0,0,0,0,0
2026-05-27T15:07:09+00:00,rxe-tbnet,1,1,default.ib_send_lat.size64,ib_send_lat,send,lat,strix-2,strix-1,reverse,rxe_tb0,1,19680,ok,1.415,64,1,1000,,512,RC,0,,,,56.94,83.73,65.28,65.26,0.58,67.42,83.73,0,0,,,0,0,0,0,0,0,0,0,,0,0,0,0,0,0,0,0,0,0,0,0,0,0,0,0,0,0,0,0,0,0,0,0,0,0,0,0,0,0,0,0,0,0,0,0,0,0,0,0,0,0,0,0,0,0,0,0,0,0,0,0,0,0,0,0,0,0,0,0,0,0,0,0,0,0,0,0,0,0,0,0,0,0,0,0,0,0,0,0,0,0,0,0,0,0,0,0,0,0,0,0,0,0,0,0,0,0,0,0,0,0,0,0,0,0,0,0,0,0,0,0,0,0,0,0,0,0,0,0,0,0,0,0,0,0,0,0,0,0,0,0,0,0,0,0,0,0,0,0,0,0,0,0,0,0,0,0,0,0,0,0,0,0,0,0,0,0
2026-05-27T15:07:11+00:00,rxe-tbnet,1,1,default.ib_send_lat.size4096,ib_send_lat,send,lat,strix-1,strix-2,forward,rxe_tb0,1,19681,ok,1.555,4096,1,1000,,512,RC,0,,,,58.41,35164.72,65.28,65.35,2.36,68.36,35164.72,0,0,,,0,0,0,0,0,0,0,0,,0,0,0,0,0,0,0,0,0,0,0,0,0,0,0,0,0,0,0,0,0,0,0,0,0,0,0,0,0,0,0,0,0,0,0,0,0,0,0,0,0,0,0,0,0,0,0,0,0,0,0,0,0,0,0,0,0,0,0,0,0,0,0,0,0,0,0,0,0,0,0,0,0,0,0,0,0,0,0,0,0,0,0,0,0,0,0,0,0,0,0,0,0,0,0,0,0,0,0,0,0,0,0,0,0,0,0,0,0,0,0,0,0,0,0,0,0,0,0,0,0,0,0,0,0,0,0,0,0,0,0,0,0,0,0,0,0,0,0,0,0,0,0,0,0,0,0,0,0,0,0,0,0,0,0,0,0,0
2026-05-27T15:07:13+00:00,rxe-tbnet,1,1,default.ib_send_lat.size4096,ib_send_lat,send,lat,strix-2,strix-1,reverse,rxe_tb0,1,19682,ok,1.486,4096,1,1000,,512,RC,0,,,,54.78,74.86,65.26,65.26,0.70,67.68,74.86,0,0,,,0,0,0,0,0,0,0,0,,0,0,0,0,0,0,0,0,0,0,0,0,0,0,0,0,0,0,0,0,0,0,0,0,0,0,0,0,0,0,0,0,0,0,0,0,0,0,0,0,0,0,0,0,0,0,0,0,0,0,0,0,0,0,0,0,0,0,0,0,0,0,0,0,0,0,0,0,0,0,0,0,0,0,0,0,0,0,0,0,0,0,0,0,0,0,0,0,0,0,0,0,0,0,0,0,0,0,0,0,0,0,0,0,0,0,0,0,0,0,0,0,0,0,0,0,0,0,0,0,0,0,0,0,0,0,0,0,0,0,0,0,0,0,0,0,0,0,0,0,0,0,0,0,0,0,0,0,0,0,0,0,0,0,0,0,0,0
2026-05-27T15:07:14+00:00,rxe-tbnet,1,1,default.ib_send_lat.size65536,ib_send_lat,send,lat,strix-1,strix-2,forward,rxe_tb0,1,19683,ok,1.634,65536,1,1000,,512,RC,0,,,,160.29,232.71,177.18,176.87,3.21,183.29,232.71,0,0,,,0,0,0,0,0,0,0,0,,0,0,0,0,0,0,0,0,0,0,0,0,0,0,0,0,0,0,0,0,0,0,0,0,0,0,0,0,0,0,0,0,0,0,0,0,0,0,0,0,0,0,0,0,0,0,0,0,0,0,0,0,0,0,0,0,0,0,0,0,0,0,0,0,0,0,0,0,0,0,0,0,0,0,0,0,0,0,0,0,0,0,0,0,0,0,0,0,0,0,0,0,0,0,0,0,0,0,0,0,0,0,0,0,0,0,0,0,0,0,0,0,0,0,0,0,0,0,0,0,0,0,0,0,0,0,0,0,0,0,0,0,0,0,0,0,0,0,0,0,0,0,0,0,0,0,0,0,0,0,0,0,0,0,0,0,0,0
2026-05-27T15:07:16+00:00,rxe-tbnet,1,1,default.ib_send_lat.size65536,ib_send_lat,send,lat,strix-2,strix-1,reverse,rxe_tb0,1,19684,ok,1.637,65536,1,1000,,512,RC,0,,,,160.86,221.32,177.06,176.36,2.61,183.91,221.32,0,0,,,0,0,0,0,0,0,0,0,,0,0,0,0,0,0,0,0,0,0,0,0,0,0,0,0,0,0,0,0,0,0,0,0,0,0,0,0,0,0,0,0,0,0,0,0,0,0,0,0,0,0,0,0,0,0,0,0,0,0,0,0,0,0,0,0,0,0,0,0,0,0,0,0,0,0,0,0,0,0,0,0,0,0,0,0,0,0,0,0,0,0,0,0,0,0,0,0,0,0,0,0,0,0,0,0,0,0,0,0,0,0,0,0,0,0,0,0,0,0,0,0,0,0,0,0,0,0,0,0,0,0,0,0,0,0,0,0,0,0,0,0,0,0,0,0,0,0,0,0,0,0,0,0,0,0,0,0,0,0,0,0,0,0,0,0,0,0
